Workbook

Sheet Platform review
A1: Platform | B1: Project stage | C1: Project tasks | D1: Source | E1: Keywords
A2: Mendix | B2: Design | D2: https://docs.mendix.com/
A3: =A$2 -> Mendix | B3: =B$2 -> Design | C3: Workflow model | D3: https://docs.mendix.com/refguide/nanoflows/ | E3: +"BPMN Process Model"
A4: =A$2 -> Mendix | B4: =B$2 -> Design | C4: Database model | D4: https://docs.mendix.com/refguide/domain-model/ | E4: "Domain Model", "Data Structure", "Entity Diagrams", "Association", "One-to-Many", "Many-to-Many", "Denormalization", "XPath"
A5: =A$2 -> Mendix | B5: =B$2 -> Design | C5: UI model | D5: https://docs.mendix.com/refguide/pages/ | E5: "Boolean Expressions", "Responsive Web Design", "Data Types"
A6: =A$2 -> Mendix | B6: =B$2 -> Design | C6: Validations | D6: https://docs.mendix.com/refguide/nanoflows/ https://docs.mendix.com/refguide/expressions/ | E6: "Transactions", "JavaScript", "String Functions", "Conditional Expressions", "Arithmetic Expressions", "Boolean Expressions", "Enumerations"
A7: =A$2 -> Mendix | B7: =B$2 -> Design | C7: Application logic | D7: https://docs.mendix.com/refguide/application-logic/ https://docs.mendix.com/refguide/resources/ | E7: "Sequence Flow", "Activity Diagram", "Control Structures", "Algorithms", "Java", "JavaScript", "SQL/OQL", "Regular Expressions", "Variables", "Data Types"
A8: =A$2 -> Mendix | B8: Development
A9: =A$2 -> Mendix | B9: =B$8 -> Development | C9: Workflow design and development | D9: https://docs.mendix.com/refguide/workflows/ https://docs.mendix.com/refguide/workflow-engine/ | E9: +"BPMN Process Model", "Events", "Triggers", "Java API"
A10: =A$2 -> Mendix | B10: =B$8 -> Development | C10: Database design | D10: https://docs.mendix.com/howto/data-models/ | E10: "Denormalization", "Relational Database", "SQL"
A11: =A$2 -> Mendix | B11: =B$8 -> Development | C11: Fetching data | D11: https://www.mendix.com/evaluation-guide/app-capabilities/data-querying-management/ | E11: "Xpath", "OQL", "SQL", "Odata"
A12: =A$2 -> Mendix | B12: =B$8 -> Development | C12: GUI design and development | D12: https://docs.mendix.com/howto/front-end/ | E12: "HTML", "CSS", "SASS (SCSS)", "Themes"
A13: =A$2 -> Mendix | B13: =B$8 -> Development | C13: Data validation development | D13: https://docs.mendix.com/refguide/setting-up-data-validation/ | E13: "Conditional Expressions", "Boolean Expressions", "Domain Model"
A14: =A$2 -> Mendix | B14: =B$8 -> Development | C14: Actions design and development | D14: https://docs.mendix.com/howto/extensibility/build-javascript-actions/ | E14: "Java", "JavaScript", "API"
A15: =A$2 -> Mendix | B15: =B$8 -> Development | C15: Programming | D15: https://docs.mendix.com/refguide/java-programming/ https://docs.mendix.com/refguide/mobile/introduction-to-mobile-technologies/ | E15: "Eclipse", "Java API", "Java", "Emulators Andoid iOS", "PWA", "Native Mobile App"
A16: =A$2 -> Mendix | B16: Implementation
A17: =A$2 -> Mendix | B17: =B$16 -> Implementation | C17: Runtime server installation | D17: https://docs.mendix.com/refguide/runtime-server/ | E17: "File Storage", "Database Synchronization", "REST API", "SOAP", "WSDL", "Swagger", "Relational Database", "Xpath", "OQL", "Java", "API", "HTTPS Server"
A18: =A$2 -> Mendix | B18: =B$16 -> Implementation | C18: Database installation | D18: https://docs.mendix.com/refguide/data-storage/ | E18: "Relational Database", "File Storage"
A19: =A$2 -> Mendix | B19: =B$16 -> Implementation | C19: Client module installation | D19: https://docs.mendix.com/refguide/mendix-client/ | E19: "HTTPS Server", "API"
A20: =A$2 -> Mendix | B20: =B$16 -> Implementation | C20: Deployment | D20: https://docs.mendix.com/developerportal/deploy/ | E20: "Cloud Services", "CI/CD", "Docker", "Kubernetes"
A21: =A$2 -> Mendix | B21: =B$16 -> Implementation | C21: Version control | D21: https://docs.mendix.com/refguide/version-control/ | E21: "Git", "Code Repository Concept"
C22: -
A23: Outsystems | B23: =B$2 -> Design | D23: https://success.outsystems.com/documentation/
A24: =$A$23 -> Outsystems | B24: =B$2 -> Design | C24: Workflow model | D24: https://success.outsystems.com/documentation/11/developing_an_application/use_processes_bpt/processes/ | E24: "Custom Process Model"
A25: =$A$23 -> Outsystems | B25: =B$2 -> Design | C25: Database model | D25: https://success.outsystems.com/documentation/11/developing_an_application/use_data/data_modeling/entity_relationships/ ??? | E25: "Entity Relationships", "Entity Diagrams", "Primary Key", "Foreign Key", "One-to-One", "One-to-Many", "Many-to-Many", "Indexes", "Data Types"
A26: =$A$23 -> Outsystems | B26: =B$2 -> Design | C26: UI model | D26: https://success.outsystems.com/documentation/11/developing_an_application/design_ui/ | E26: +"Screen Templates", "Reactive Web App", +"Business Data Types", "Variables", "Boolean expressions", "Conditional Expressions"
A27: =$A$23 -> Outsystems | B27: =B$2 -> Design | C27: Validations | D27: https://success.outsystems.com/documentation/11/developing_an_application/design_ui/forms/validate_the_fields_of_a_form/ | E27: "Boolean expressions", "Conditional Expressions"
A28: =$A$23 -> Outsystems | B28: =B$2 -> Design | C28: Application logic | D28: https://success.outsystems.com/documentation/11/developing_an_application/implement_application_logic/actions_in_reactive_web_and_mobile_apps/ https://success.outsystems.com/documentation/11/developing_an_application/implement_application_logic/actions_in_web_applications/ | E28: +"Graphical actions", "Variables"
A29: =$A$23 -> Outsystems | B29: =B$8 -> Development
A30: =$A$23 -> Outsystems | B30: =B$8 -> Development | C30: Workflow design and development | D30: https://success.outsystems.com/documentation/11/developing_an_application/use_processes_bpt/ | E30: "Custom Process Model"
A31: =$A$23 -> Outsystems | B31: =B$8 -> Development | C31: Database design | D31: https://success.outsystems.com/documentation/11/developing_an_application/use_data/data_modeling/ | E31: "Relational Database", "SQL"
A32: =$A$23 -> Outsystems | B32: =B$8 -> Development | C32: Fetching data | D32: https://success.outsystems.com/documentation/11/developing_an_application/use_data/query_data/fetch_data_using_human_language/ https://success.outsystems.com/documentation/11/developing_an_application/use_data/query_data/fetch_and_display_data_from_the_database_in_outsystems/ https://success.outsystems.com/documentation/11/developing_an_application/use_data/query_data/sql_queries/ | E32: +"Human Language", +"GUI Queries", "SQL Queries"
A33: =$A$23 -> Outsystems | B33: =B$8 -> Development | C33: GUI design and development | D33: https://success.outsystems.com/documentation/11/developing_an_application/design_ui/ | E33: "CSS", "Grid", "Style Classes", "Responsive Web Design", "IT Data Types", "Responsive Breakpoints", "Reactive Web App", "Event Propagation", "Master Detail", "Programming Functions", "HTML"
A34: =$A$23 -> Outsystems | B34: =B$8 -> Development | C34: Data validation development | D34: https://success.outsystems.com/documentation/11/developing_an_application/design_ui/forms/validate_the_fields_of_a_form/ | E34: "Conditional Expressions", "Boolean Expressions", "Data Fields"
A35: =$A$23 -> Outsystems | B35: =B$8 -> Development | C35: Actions design and development | D35: https://success.outsystems.com/documentation/11/developing_an_application/implement_application_logic/code_mentor_logic_suggestions/ https://success.outsystems.com/documentation/11/reference/outsystems_language/logic/expressions/ | E35: +"AI Assisted Development", "Expressions", "JavaScript", "REST API", "SOAP"
A36: =$A$23 -> Outsystems | B36: =B$8 -> Development | C36: Programming | D36: https://success.outsystems.com/documentation/11/extensibility_and_integration/extend_logic_with_your_own_code/ | E36: ".NET", "+Visual Programming", "HTML DOM", "Iteration Statements", "Conditional Expressions"
A37: =$A$23 -> Outsystems | B37: =B$16 -> Implementation
A38: =$A$23 -> Outsystems | B38: =B$16 -> Implementation | C38: Runtime server installation | D38: https://success.outsystems.com/documentation/11/setup_and_maintain_your_outsystems_infrastructure/setting_up_outsystems/ | E38: "Deployment Controller Service", "Scheduler Service", "Compiler Service", "Log Service", "HTTPS Server", "Shared Libraries", "Load Balancing"
A39: =$A$23 -> Outsystems | B39: =B$16 -> Implementation | C39: Database installation | D39: https://success.outsystems.com/documentation/11/setup_and_maintain_your_outsystems_infrastructure/setting_up_outsystems/default_platform_server_and_database_configurations/ | E39: "Relational Database", "file storage"
A40: =$A$23 -> Outsystems | B40: =B$16 -> Implementation | C40: Client module installation | D40: https://success.outsystems.com/documentation/11/setup_and_maintain_your_outsystems_infrastructure/setting_up_outsystems/ | E40: "Binaries", ".NET Framework"
A41: =$A$23 -> Outsystems | B41: =B$16 -> Implementation | C41: Deployment | D41: https://success.outsystems.com/documentation/11/managing_the_applications_lifecycle/deploy_applications/ | E41: "Cloud Computing", "CI/CD", "REST API", "SOAP"
A42: =$A$23 -> Outsystems | B42: =B$16 -> Implementation | C42: Version control | D42: https://success.outsystems.com/documentation/11/managing_the_applications_lifecycle/deploy_applications/tag_a_version/ | E42: "Custom Version Control"
C43: -
A44: Zoho Creator | B44: =B$2 -> Design | D44: https://help.zoho.com/portal/en/kb/creator/developer-guide/
A45: =$A$44 -> Zoho Creator | B45: =B$2 -> Design | C45: Workflow model | D45: https://help.zoho.com/portal/en/kb/creator/developer-guide/workflows/understand-workflows/articles/understand-workflows | E45: "Custom Process Model"
A46: =$A$44 -> Zoho Creator | B46: =B$2 -> Design | C46: Database model | D46: https://help.zoho.com/portal/en/kb/creator/developer-guide/forms/add-and-manage-fields/articles/fields-lookup-relationship-between-forms https://help.zoho.com/portal/en/kb/creator/developer-guide/application-settings/schema-builder/articles/understand-schema-builder https://help.zoho.com/portal/en/kb/creator/developer-guide/forms/add-and-manage-fields/articles/understand-fields#Types_of_fields | E46: "Entity Relationships", +"Form-based Data", "Entity Diagrams", "One-to-One", "One-to-Many", "Many-to-Many", +"Business Data Types"
A47: =$A$44 -> Zoho Creator | B47: =B$2 -> Design | C47: UI model | D47: https://help.zoho.com/portal/en/kb/creator/developer-guide/forms/understand-forms/articles/form-component https://help.zoho.com/portal/en/kb/creator/pre-built-apps | E47: +"Screen templates / Zoho - Pre-built Apps", +"Business Data Types", "Variables", "Boolean Expressions", "Conditional Expressions"
A48: =$A$44 -> Zoho Creator | B48: =B$2 -> Design | C48: Validations | D48: https://help.zoho.com/portal/en/kb/creator/developer-guide/workflows/create-and-manage-on-validation-actions/articles/configure-deluge-script-on-validate-in-form-workflows | E48: "Scripts (Deluge)", "Boolean Expressions", "Conditional Expressions"
A49: =$A$44 -> Zoho Creator | B49: =B$2 -> Design | C49: Application logic | D49: https://help.zoho.com/portal/en/kb/creator/developer-guide/microservices | E49: "Microservices", "Variables"
A50: =$A$44 -> Zoho Creator | B50: =B$8 -> Development
A51: =$A$44 -> Zoho Creator | B51: =B$8 -> Development | C51: Workflow design and development | D51: https://help.zoho.com/portal/en/kb/creator/developer-guide/workflows | E51: "Custom Process Model"
A52: =$A$44 -> Zoho Creator | B52: =B$8 -> Development | C52: Database design | D52: https://help.zoho.com/portal/en/kb/creator/developer-guide/application-settings/schema-builder/articles/understand-schema-builder | E52: +"Custom Database Model", "Entity Diagrams", "One-to-One", "One-to-Many", "Many-to-Many", +"Business Data Types"
A53: =$A$44 -> Zoho Creator | B53: =B$8 -> Development | C53: Fetching data | D53: https://help.zoho.com/portal/en/kb/creator/developer-guide/forms/understand-forms/articles/form-component#45_Types_of_Forms_in_Creator https://help.zoho.com/portal/en/kb/creator/developer-guide/microservices/datasources/articles/manage-datasources https://help.zoho.com/portal/en/kb/creator/developer-guide/microservices/understand-connections/articles/create-custom-connector | E53: "REST API (Custom Connectors)", "OAuth", "URL", "Cloud Services", "Local Storage", +"Integrated Data Sources"
A54: =$A$44 -> Zoho Creator | B54: =B$8 -> Development | C54: GUI design and development | D54: https://help.zoho.com/portal/en/kb/creator/developer-guide/pages/snippets/articles/understand-snippets https://help.zoho.com/portal/en/kb/creator/developer-guide/pages/page-script-and-variables/articles/page-scripts-and-variable#4_Page_scripts_and_variables_in_Creator | E54: +"WYSIWYG", "Snippets", "Scripts", "Variables", "IT Data Types", "Programming Functions", "HTML", +"GUI Style Editor"
A55: =$A$44 -> Zoho Creator | B55: =B$8 -> Development | C55: Data validation development | D55: https://help.zoho.com/portal/en/kb/creator/developer-guide/workflows/create-and-manage-on-validation-actions/articles/configure-deluge-script-on-validate-in-form-workflows | E55: "Scripts (Deluge)", "Boolean Expressions", "Conditional Expressions"
A56: =$A$44 -> Zoho Creator | B56: =B$8 -> Development | C56: Actions design and development | D56: https://help.zoho.com/portal/en/kb/creator/developer-guide/workflows/create-and-manage-on-user-input-actions/articles/configure-deluge-script-on-user-input-in-form-workflows https://help.zoho.com/portal/en/kb/creator/developer-guide/reports/customize-report/articles/create-custom-action | E56: +"Built-in Connectors", "REST API", "Scripts (Deluge)", "Expressions", "Conditional Expressions"
A57: =$A$44 -> Zoho Creator | B57: =B$8 -> Development | C57: Programming | D57: https://www.zoho.com/deluge/help/ https://help.zoho.com/portal/en/kb/creator/developer-guide/pages/snippets/articles/understand-zml-snippet https://help.zoho.com/portal/en/kb/creator/developer-guide/application-settings/application-ide/articles/view-and-modify-application-ide | E57: "Scripts (Deluge)", "Snippets (ZML)", "HTML", "IDE", "Markup Language", "Boolean Expressions", "Iteration Statements", "Conditional Expressions"
A58: =$A$44 -> Zoho Creator | B58: =B$16 -> Implementation
A59: =$A$44 -> Zoho Creator | B59: =B$16 -> Implementation | C59: Runtime server installation | D59: https://www.zoho.com/creator/help/on-premise/installation.html | E59: "SAML Authentication", "Email Server (SMTP)", "Proxy server", "SSL Certificates"
A60: =$A$44 -> Zoho Creator | B60: =B$16 -> Implementation | C60: Database installation | D60: https://www.zoho.com/creator/help/on-premise/installation.html | E60: +"Embedded Database (Postgres)", "Relational Database"
A61: =$A$44 -> Zoho Creator | B61: =B$16 -> Implementation | C61: Client module installation | D61: https://www.zoho.com/creator/help/on-premise/installation.html | E61: "Binaries", "URL Configuration"
A62: =$A$44 -> Zoho Creator | B62: =B$16 -> Implementation | C62: Deployment | D62: https://www.zoho.com/creator/help/on-premise/import-app-from-cloud.html | E62: "Cloud Computing", "On-Premise", "Application IDE", "Import/Export", "Scripts"
A63: =$A$44 -> Zoho Creator | B63: =B$16 -> Implementation | C63: Version control | D63: https://help.zoho.com/portal/en/kb/creator/developer-guide/environments/articles/version-history | E63: "Custom Version Control"
C64: -
A65: MS Power App | B65: =B$2 -> Design | D65: https://learn.microsoft.com/en-us/power-apps/
A66: =$A$65 -> MS Power App | B66: =B$2 -> Design | C66: Workflow model | D66: https://learn.microsoft.com/en-us/power-apps/maker/data-platform/overview-realtime-workflows | E66: "Custom Process Model"
A67: =$A$65 -> MS Power App | B67: =B$2 -> Design | C67: Database model | D67: https://learn.microsoft.com/en-us/power-apps/developer/data-platform/reference/about-entity-reference | E67: "Entity Relationships", +"Predefined Entities", "One-to-One", "One-to-Many", "Many-to-Many"
A68: =$A$65 -> MS Power App | B68: =B$2 -> Design | C68: UI model | D68: https://learn.microsoft.com/en-us/power-apps/maker/model-driven-apps/model-driven-app-overview https://learn.microsoft.com/en-us/power-apps/maker/canvas-apps/ https://learn.microsoft.com/en-us/power-apps/maker/canvas-apps/create-responsive-layout | E68: "Model-driven Apps", +"Screen Templates / Sample Power Apps", "Responsive Web Design"
A69: =$A$65 -> MS Power App | B69: =B$2 -> Design | C69: Validations | D69: https://learn.microsoft.com/en-us/power-apps/maker/data-platform/data-platform-create-business-rule | E69: "Boolean Expressions", "Conditional Expressions", +"Business Rules (graphical)"
A70: =$A$65 -> MS Power App | B70: =B$2 -> Design | C70: Application logic | D70: https://learn.microsoft.com/en-us/power-apps/maker/canvas-apps/working-with-formulas https://learn.microsoft.com/en-us/power-apps/maker/canvas-apps/power-apps-ideas | E70: "Formulas", "Variables", +"Power Fx - an Open-source programming language for low-code", +"NLP", "Boolean Expressions", "Conditional Expressions"
A71: =$A$65 -> MS Power App | B71: =B$8 -> Development
A72: =$A$65 -> MS Power App | B72: =B$8 -> Development | C72: Workflow design and development | D72: https://learn.microsoft.com/en-us/power-automate/business-process-flows-overview | E72: "Custom Process Model (Business Process Flows)"
A73: =$A$65 -> MS Power App | B73: =B$8 -> Development | C73: Database design | D73: https://learn.microsoft.com/en-us/power-apps/maker/data-platform/ | E73: "Web API (Microsoft Dataverse)", "Types", "Functions", "Actions", "One-to-One", "One-to-Many", "Many-to-Many", +"Business Data Types"
A74: =$A$65 -> MS Power App | B74: =B$8 -> Development | C74: Fetching data | D74: https://learn.microsoft.com/en-us/power-apps/developer/data-platform/webapi/reference/about?view=dataverse-latest https://learn.microsoft.com/en-us/power-apps/developer/data-platform/webapi/reference/queryfunctions?view=dataverse-latest https://learn.microsoft.com/en-us/power-apps/developer/data-platform/work-with-data https://learn.microsoft.com/en-us/power-apps/maker/canvas-apps/data-platform-create-app-scratch | E74: "Web API (Microsoft Dataverse)", "SDK", ".NET", "SQL (Azure SQL Database)", "Custom Query Language (Power Query M formula)", "Formulas"
A75: =$A$65 -> MS Power App | B75: =B$8 -> Development | C75: GUI design and development | D75: https://learn.microsoft.com/en-us/power-apps/maker/canvas-apps/ai-conversations-create-app https://learn.microsoft.com/en-us/power-apps/maker/canvas-apps/ai-edit-app#whats-supported:~:text=Templatized%20formulas https://learn.microsoft.com/en-us/power-apps/developer/model-driven-apps/customize-entity-forms | E75: +"AI Support (Copilot - Build apps through conversation)", +"Templatized Formulas", "IT Data Types", "Programming Functions", "XML", "JavaScript"
A76: =$A$65 -> MS Power App | B76: =B$8 -> Development | C76: Data validation development | D76: https://learn.microsoft.com/en-us/power-apps/maker/data-platform/data-platform-intro https://learn.microsoft.com/en-us/power-apps/maker/data-platform/overview-realtime-workflows | E76: "Boolean Expressions", "Conditional Expressions", +"Business Rules (graphical)"
A77: =$A$65 -> MS Power App | B77: =B$8 -> Development | C77: Actions design and development | D77: https://learn.microsoft.com/en-us/power-apps/developer/model-driven-apps/client-scripting | E77: "API", "JavaScript", "Expressions", "Conditional Expressions", "Object Model"
A78: =$A$65 -> MS Power App | B78: =B$8 -> Development | C78: Programming | D78: https://learn.microsoft.com/en-us/dotnet/api/microsoft.crm.sdk?view=dataverse-sdk-latest https://learn.microsoft.com/en-us/power-apps/developer/component-framework/implementing-controls-using-typescript?tabs=before | E78: "SDK", ".NET", "Web API", "Entity Types", "Functions", "Query Functions", "Complex Types", "EnumTypes", "Metadata", "TypeScript", "IDE (Visual Studio Code)", "node.js", "CLI (Microsoft Power Platform CLI)", "Boolean Expressions", "Iteration Statements", "Conditional Expressions"
A79: =$A$65 -> MS Power App | B79: =B$16 -> Implementation | D79: https://learn.microsoft.com/en-us/power-apps/powerapps-overview
A80: =$A$65 -> MS Power App | B80: =B$16 -> Implementation | C80: Runtime server installation | D80: https://learn.microsoft.com/en-us/power-platform/admin/environments-overview | E80: +"Cloud Based Environment"
A81: =$A$65 -> MS Power App | B81: =B$16 -> Implementation | C81: Database installation | D81: https://learn.microsoft.com/en-us/power-apps/maker/canvas-apps/gateway-reference | E81: +"Embedded Database (Microsoft Dataverse)", "Relational Database (MS SQL Server)"
A82: =$A$65 -> MS Power App | B82: =B$16 -> Implementation | C82: Client module installation | D82: https://learn.microsoft.com/en-us/power-apps/limits-and-config | E82: +"Web Browser", +"Mobile App", "Web Services"
A83: =$A$65 -> MS Power App | B83: =B$16 -> Implementation | C83: Deployment | D83: https://learn.microsoft.com/en-us/power-apps/maker/canvas-apps/gateway-reference | E83: "On-premises Data Gateway", +"Software as a Service"
A84: =$A$65 -> MS Power App | B84: =B$16 -> Implementation | C84: Version control | D84: https://learn.microsoft.com/en-us/power-apps/maker/canvas-apps/git-version-control | E84: "Git", "Code Repository Concept"
C85: -
A86: Google AppSheet | B86: =B$2 -> Design | D86: https://about.appsheet.com/home/ https://support.google.com/appsheet https://support.google.com/appsheet#topic=11981018
A87: =$A$86 -> Google AppSheet | B87: =B$2 -> Design | C87: Workflow model | D87: https://support.google.com/appsheet/topic/11998887 | E87: "Custom Process Model"
A88: =$A$86 -> Google AppSheet | B88: =B$2 -> Design | C88: Database model | D88: https://support.google.com/appsheet/topic/10099793 https://support.google.com/appsheet/topic/10099317 | E88: "Entity Relationships", +"Item-Detail", +"Lookup/Drop-down", "Expressions", "Enumerations", "Data Types", "Constraints", "Conditional Expressions"
A89: =$A$86 -> Google AppSheet | B89: =B$2 -> Design | C89: UI model | D89: https://www.appsheet.com/templates https://support.google.com/appsheet/topic/10101309 | E89: +"App templates", +"View Types", +"UI Branding (no HTML/CSS)", "Conditional Expressions", "Expressions", "Functions"
A90: =$A$86 -> Google AppSheet | B90: =B$2 -> Design | C90: Validations | D90: https://support.google.com/appsheet/answer/10107949 https://support.google.com/appsheet/answer/10099318 | E90: "Boolean Expressions", "Conditional Expressions", +"Lookup/Drop-down Data Patterns"
A91: =$A$86 -> Google AppSheet | B91: =B$2 -> Design | C91: Application logic | D91: https://support.google.com/appsheet/topic/11511235 https://support.google.com/appsheet/answer/10107706 https://support.google.com/appsheet/topic/11496219 https://support.google.com/appsheet/topic/11998887 | E91: +"Actions", "Functions", "Expressions", "Events", +"Predefined Process Steps", +"Predefined Tasks", "Formulas", "Variables", "Boolean Expressions", "Conditional Expressions"
A92: =$A$86 -> Google AppSheet | B92: =B$8 -> Development
A93: =$A$86 -> Google AppSheet | B93: =B$8 -> Development | C93: Workflow design and development | D93: https://support.google.com/appsheet/topic/11998887 | E93: "Custom Process Model (AppSheet Automation)", "REST API", "JavaScript", "Conditional Expressions"
A94: =$A$86 -> Google AppSheet | B94: =B$8 -> Development | C94: Database design | D94: https://support.google.com/appsheet/topic/10099793 https://support.google.com/appsheet/answer/10099523 https://support.google.com/appsheet/answer/12065898 https://support.google.com/appsheet/answer/10106509 | E94: "Relational Database Concept", +"Reference Column", +"Lookup Column", "Keys", "Types", "Expressions (App Formula Expression; Initial Value Expression)", "Functions (Deep Link)", +"References", +"Slices (Subset od data; columns and actions)", +"Business Data Types", "Conditional Expressions"
A95: =$A$86 -> Google AppSheet | B95: =B$8 -> Development | C95: Fetching data | D95: https://support.google.com/appsheet/answer/10104707 https://developers.google.com/apps-script/guides/jdbc https://support.google.com/appsheet/answer/10106309 | E95: "Web API", +"Cloud-based Spreadsheets", "SQL Databases". "JDBC", "Data Source Integration"
A96: =$A$86 -> Google AppSheet | B96: =B$8 -> Development | C96: GUI design and development | D96: https://support.google.com/appsheet/answer/10106772 https://support.google.com/appsheet/topic/10102631 https://support.google.com/appsheet/answer/10106435 | E96: +"View Types", +"UI Branding", +"Conditional Formatting", +"Business Data Types"
A97: =$A$86 -> Google AppSheet | B97: =B$8 -> Development | C97: Data validation development | D97: https://support.google.com/appsheet/topic/10104641 | E97: "Boolean Expressions", "Conditional Expressions", +"Column Expressions"
A98: =$A$86 -> Google AppSheet | B98: =B$8 -> Development | C98: Actions design and development | D98: https://support.google.com/appsheet/topic/11998887 | E98: +"Automations", "Expressions", "Functions", "Conditional Expressions"
A99: =$A$86 -> Google AppSheet | B99: =B$8 -> Development | C99: Programming | D99: https://developers.google.com/apps-script/overview https://support.google.com/appsheet/answer/11511244 https://support.google.com/appsheet/answer/11445188 https://support.google.com/appsheet/table/10104782 https://support.google.com/appsheet/answer/10104642 | E99: "JavaScript", "Web API (AppSheet API)", "HTML", "JSON", "XML", "Functions", "Boolean Expressions", "Conditional Expressions", "Expressions"
A100: =$A$86 -> Google AppSheet | B100: =B$16 -> Implementation
...

Sheet CLASSIFICATION
A1: Project Stage | B1: Functional scope | C1: Keyword | D1: Classification (Generalized keyword) | E1: Importance | F1: Project Stage Aggr | G1: Functional Scope Aggr | H1: Keyword Aggr | I1: CONC keywords | J1: CONC generalized keywords | K1: CONC generalized keywords and importance
A2: Design | B2: Workflow model | C2: +BPMN Process Model | E2: 5 | F2: {=_xlfn.XLOOKUP(TRUE,A$2:A2<>"",A$2:A2,,,-1)} -> Design | G2: {=_xlfn.XLOOKUP(TRUE,B$2:B2<>"",B$2:B2,,,-1)} -> Workflow model | H2: =IF(CLASSIFICATION[[#This Row],[Classification (Generalized keyword)]]="",CLASSIFICATION[[#This Row],[Keyword]],CLASSIFICATION[[#This Row],[Classification (Generalized keyword)]]) -> +BPMN Process Model | I2: =_xlfn.CONCAT(CLASSIFICATION[[#This Row],[Project Stage Aggr]],",",CLASSIFICATION[[#This Row],[Functional Scope Aggr]],",",CLASSIFICATION[[#This Row],[Keyword]]) -> Design,Workflow model,+BPMN Process Model | J2: =_xlfn.CONCAT(CLASSIFICATION[[#This Row],[Project Stage Aggr]],",",CLASSIFICATION[[#This Row],[Functional Scope Aggr]],",",CLASSIFICATION[[#This Row],[Keyword Aggr]]) -> Design,Workflow model,+BPMN Process Model | K2: =_xlfn.CONCAT(CLASSIFICATION[[#This Row],[Project Stage Aggr]],",",CLASSIFICATION[[#This Row],[Functional Scope Aggr]],",",CLASSIFICATION[[#This Row],[Keyword Aggr]],",",CLASSIFICATION[[#This Row],[Importance]]) -> Design,Workflow model,+BPMN Process Model,5
C3: Custom Process Model | E3: -5 | F3: {=_xlfn.XLOOKUP(TRUE,A$2:A3<>"",A$2:A3,,,-1)} -> Design | G3: {=_xlfn.XLOOKUP(TRUE,B$2:B3<>"",B$2:B3,,,-1)} -> Workflow model | H3: =IF(CLASSIFICATION[[#This Row],[Classification (Generalized keyword)]]="",CLASSIFICATION[[#This Row],[Keyword]],CLASSIFICATION[[#This Row],[Classification (Generalized keyword)]]) -> Custom Process Model | I3: =_xlfn.CONCAT(CLASSIFICATION[[#This Row],[Project Stage Aggr]],",",CLASSIFICATION[[#This Row],[Functional Scope Aggr]],",",CLASSIFICATION[[#This Row],[Keyword]]) -> Design,Workflow model,Custom Process Model | J3: =_xlfn.CONCAT(CLASSIFICATION[[#This Row],[Project Stage Aggr]],",",CLASSIFICATION[[#This Row],[Functional Scope Aggr]],",",CLASSIFICATION[[#This Row],[Keyword Aggr]]) -> Design,Workflow model,Custom Process Model | K3: =_xlfn.CONCAT(CLASSIFICATION[[#This Row],[Project Stage Aggr]],",",CLASSIFICATION[[#This Row],[Functional Scope Aggr]],",",CLASSIFICATION[[#This Row],[Keyword Aggr]],",",CLASSIFICATION[[#This Row],[Importance]]) -> Design,Workflow model,Custom Process Model,-5
B4: Database model | C4: +Business Data Types | E4: 5 | F4: {=_xlfn.XLOOKUP(TRUE,A$2:A4<>"",A$2:A4,,,-1)} -> Design | G4: {=_xlfn.XLOOKUP(TRUE,B$2:B4<>"",B$2:B4,,,-1)} -> Database model | H4: =IF(CLASSIFICATION[[#This Row],[Classification (Generalized keyword)]]="",CLASSIFICATION[[#This Row],[Keyword]],CLASSIFICATION[[#This Row],[Classification (Generalized keyword)]]) -> +Business Data Types | I4: =_xlfn.CONCAT(CLASSIFICATION[[#This Row],[Project Stage Aggr]],",",CLASSIFICATION[[#This Row],[Functional Scope Aggr]],",",CLASSIFICATION[[#This Row],[Keyword]]) -> Design,Database model,+Business Data Types | J4: =_xlfn.CONCAT(CLASSIFICATION[[#This Row],[Project Stage Aggr]],",",CLASSIFICATION[[#This Row],[Functional Scope Aggr]],",",CLASSIFICATION[[#This Row],[Keyword Aggr]]) -> Design,Database model,+Business Data Types | K4: =_xlfn.CONCAT(CLASSIFICATION[[#This Row],[Project Stage Aggr]],",",CLASSIFICATION[[#This Row],[Functional Scope Aggr]],",",CLASSIFICATION[[#This Row],[Keyword Aggr]],",",CLASSIFICATION[[#This Row],[Importance]]) -> Design,Database model,+Business Data Types,5
C5: +Form-based Data | E5: 4 | F5: {=_xlfn.XLOOKUP(TRUE,A$2:A5<>"",A$2:A5,,,-1)} -> Design | G5: {=_xlfn.XLOOKUP(TRUE,B$2:B5<>"",B$2:B5,,,-1)} -> Database model | H5: =IF(CLASSIFICATION[[#This Row],[Classification (Generalized keyword)]]="",CLASSIFICATION[[#This Row],[Keyword]],CLASSIFICATION[[#This Row],[Classification (Generalized keyword)]]) -> +Form-based Data | I5: =_xlfn.CONCAT(CLASSIFICATION[[#This Row],[Project Stage Aggr]],",",CLASSIFICATION[[#This Row],[Functional Scope Aggr]],",",CLASSIFICATION[[#This Row],[Keyword]]) -> Design,Database model,+Form-based Data | J5: =_xlfn.CONCAT(CLASSIFICATION[[#This Row],[Project Stage Aggr]],",",CLASSIFICATION[[#This Row],[Functional Scope Aggr]],",",CLASSIFICATION[[#This Row],[Keyword Aggr]]) -> Design,Database model,+Form-based Data | K5: =_xlfn.CONCAT(CLASSIFICATION[[#This Row],[Project Stage Aggr]],",",CLASSIFICATION[[#This Row],[Functional Scope Aggr]],",",CLASSIFICATION[[#This Row],[Keyword Aggr]],",",CLASSIFICATION[[#This Row],[Importance]]) -> Design,Database model,+Form-based Data,4
C6: +Item-Detail | E6: 3 | F6: {=_xlfn.XLOOKUP(TRUE,A$2:A6<>"",A$2:A6,,,-1)} -> Design | G6: {=_xlfn.XLOOKUP(TRUE,B$2:B6<>"",B$2:B6,,,-1)} -> Database model | H6: =IF(CLASSIFICATION[[#This Row],[Classification (Generalized keyword)]]="",CLASSIFICATION[[#This Row],[Keyword]],CLASSIFICATION[[#This Row],[Classification (Generalized keyword)]]) -> +Item-Detail | I6: =_xlfn.CONCAT(CLASSIFICATION[[#This Row],[Project Stage Aggr]],",",CLASSIFICATION[[#This Row],[Functional Scope Aggr]],",",CLASSIFICATION[[#This Row],[Keyword]]) -> Design,Database model,+Item-Detail | J6: =_xlfn.CONCAT(CLASSIFICATION[[#This Row],[Project Stage Aggr]],",",CLASSIFICATION[[#This Row],[Functional Scope Aggr]],",",CLASSIFICATION[[#This Row],[Keyword Aggr]]) -> Design,Database model,+Item-Detail | K6: =_xlfn.CONCAT(CLASSIFICATION[[#This Row],[Project Stage Aggr]],",",CLASSIFICATION[[#This Row],[Functional Scope Aggr]],",",CLASSIFICATION[[#This Row],[Keyword Aggr]],",",CLASSIFICATION[[#This Row],[Importance]]) -> Design,Database model,+Item-Detail,3
C7: +Lookup/Drop-down | E7: 3 | F7: {=_xlfn.XLOOKUP(TRUE,A$2:A7<>"",A$2:A7,,,-1)} -> Design | G7: {=_xlfn.XLOOKUP(TRUE,B$2:B7<>"",B$2:B7,,,-1)} -> Database model | H7: =IF(CLASSIFICATION[[#This Row],[Classification (Generalized keyword)]]="",CLASSIFICATION[[#This Row],[Keyword]],CLASSIFICATION[[#This Row],[Classification (Generalized keyword)]]) -> +Lookup/Drop-down | I7: =_xlfn.CONCAT(CLASSIFICATION[[#This Row],[Project Stage Aggr]],",",CLASSIFICATION[[#This Row],[Functional Scope Aggr]],",",CLASSIFICATION[[#This Row],[Keyword]]) -> Design,Database model,+Lookup/Drop-down | J7: =_xlfn.CONCAT(CLASSIFICATION[[#This Row],[Project Stage Aggr]],",",CLASSIFICATION[[#This Row],[Functional Scope Aggr]],",",CLASSIFICATION[[#This Row],[Keyword Aggr]]) -> Design,Database model,+Lookup/Drop-down | K7: =_xlfn.CONCAT(CLASSIFICATION[[#This Row],[Project Stage Aggr]],",",CLASSIFICATION[[#This Row],[Functional Scope Aggr]],",",CLASSIFICATION[[#This Row],[Keyword Aggr]],",",CLASSIFICATION[[#This Row],[Importance]]) -> Design,Database model,+Lookup/Drop-down,3
C8: +Predefined Entities | E8: 4 | F8: {=_xlfn.XLOOKUP(TRUE,A$2:A8<>"",A$2:A8,,,-1)} -> Design | G8: {=_xlfn.XLOOKUP(TRUE,B$2:B8<>"",B$2:B8,,,-1)} -> Database model | H8: =IF(CLASSIFICATION[[#This Row],[Classification (Generalized keyword)]]="",CLASSIFICATION[[#This Row],[Keyword]],CLASSIFICATION[[#This Row],[Classification (Generalized keyword)]]) -> +Predefined Entities | I8: =_xlfn.CONCAT(CLASSIFICATION[[#This Row],[Project Stage Aggr]],",",CLASSIFICATION[[#This Row],[Functional Scope Aggr]],",",CLASSIFICATION[[#This Row],[Keyword]]) -> Design,Database model,+Predefined Entities | J8: =_xlfn.CONCAT(CLASSIFICATION[[#This Row],[Project Stage Aggr]],",",CLASSIFICATION[[#This Row],[Functional Scope Aggr]],",",CLASSIFICATION[[#This Row],[Keyword Aggr]]) -> Design,Database model,+Predefined Entities | K8: =_xlfn.CONCAT(CLASSIFICATION[[#This Row],[Project Stage Aggr]],",",CLASSIFICATION[[#This Row],[Functional Scope Aggr]],",",CLASSIFICATION[[#This Row],[Keyword Aggr]],",",CLASSIFICATION[[#This Row],[Importance]]) -> Design,Database model,+Predefined Entities,4
C9: Association | D9: Domain Model | E9: -3 | F9: {=_xlfn.XLOOKUP(TRUE,A$2:A9<>"",A$2:A9,,,-1)} -> Design | G9: {=_xlfn.XLOOKUP(TRUE,B$2:B9<>"",B$2:B9,,,-1)} -> Database model | H9: =IF(CLASSIFICATION[[#This Row],[Classification (Generalized keyword)]]="",CLASSIFICATION[[#This Row],[Keyword]],CLASSIFICATION[[#This Row],[Classification (Generalized keyword)]]) -> Domain Model | I9: =_xlfn.CONCAT(CLASSIFICATION[[#This Row],[Project Stage Aggr]],",",CLASSIFICATION[[#This Row],[Functional Scope Aggr]],",",CLASSIFICATION[[#This Row],[Keyword]]) -> Design,Database model,Association | J9: =_xlfn.CONCAT(CLASSIFICATION[[#This Row],[Project Stage Aggr]],",",CLASSIFICATION[[#This Row],[Functional Scope Aggr]],",",CLASSIFICATION[[#This Row],[Keyword Aggr]]) -> Design,Database model,Domain Model | K9: =_xlfn.CONCAT(CLASSIFICATION[[#This Row],[Project Stage Aggr]],",",CLASSIFICATION[[#This Row],[Functional Scope Aggr]],",",CLASSIFICATION[[#This Row],[Keyword Aggr]],",",CLASSIFICATION[[#This Row],[Importance]]) -> Design,Database model,Domain Model,-3
C10: Conditional Expressions | E10: -2 | F10: {=_xlfn.XLOOKUP(TRUE,A$2:A10<>"",A$2:A10,,,-1)} -> Design | G10: {=_xlfn.XLOOKUP(TRUE,B$2:B10<>"",B$2:B10,,,-1)} -> Database model | H10: =IF(CLASSIFICATION[[#This Row],[Classification (Generalized keyword)]]="",CLASSIFICATION[[#This Row],[Keyword]],CLASSIFICATION[[#This Row],[Classification (Generalized keyword)]]) -> Conditional Expressions | I10: =_xlfn.CONCAT(CLASSIFICATION[[#This Row],[Project Stage Aggr]],",",CLASSIFICATION[[#This Row],[Functional Scope Aggr]],",",CLASSIFICATION[[#This Row],[Keyword]]) -> Design,Database model,Conditional Expressions | J10: =_xlfn.CONCAT(CLASSIFICATION[[#This Row],[Project Stage Aggr]],",",CLASSIFICATION[[#This Row],[Functional Scope Aggr]],",",CLASSIFICATION[[#This Row],[Keyword Aggr]]) -> Design,Database model,Conditional Expressions | K10: =_xlfn.CONCAT(CLASSIFICATION[[#This Row],[Project Stage Aggr]],",",CLASSIFICATION[[#This Row],[Functional Scope Aggr]],",",CLASSIFICATION[[#This Row],[Keyword Aggr]],",",CLASSIFICATION[[#This Row],[Importance]]) -> Design,Database model,Conditional Expressions,-2
C11: Constraints | E11: -2 | F11: {=_xlfn.XLOOKUP(TRUE,A$2:A11<>"",A$2:A11,,,-1)} -> Design | G11: {=_xlfn.XLOOKUP(TRUE,B$2:B11<>"",B$2:B11,,,-1)} -> Database model | H11: =IF(CLASSIFICATION[[#This Row],[Classification (Generalized keyword)]]="",CLASSIFICATION[[#This Row],[Keyword]],CLASSIFICATION[[#This Row],[Classification (Generalized keyword)]]) -> Constraints | I11: =_xlfn.CONCAT(CLASSIFICATION[[#This Row],[Project Stage Aggr]],",",CLASSIFICATION[[#This Row],[Functional Scope Aggr]],",",CLASSIFICATION[[#This Row],[Keyword]]) -> Design,Database model,Constraints | J11: =_xlfn.CONCAT(CLASSIFICATION[[#This Row],[Project Stage Aggr]],",",CLASSIFICATION[[#This Row],[Functional Scope Aggr]],",",CLASSIFICATION[[#This Row],[Keyword Aggr]]) -> Design,Database model,Constraints | K11: =_xlfn.CONCAT(CLASSIFICATION[[#This Row],[Project Stage Aggr]],",",CLASSIFICATION[[#This Row],[Functional Scope Aggr]],",",CLASSIFICATION[[#This Row],[Keyword Aggr]],",",CLASSIFICATION[[#This Row],[Importance]]) -> Design,Database model,Constraints,-2
C12: Data Structure | E12: -3 | F12: {=_xlfn.XLOOKUP(TRUE,A$2:A12<>"",A$2:A12,,,-1)} -> Design | G12: {=_xlfn.XLOOKUP(TRUE,B$2:B12<>"",B$2:B12,,,-1)} -> Database model | H12: =IF(CLASSIFICATION[[#This Row],[Classification (Generalized keyword)]]="",CLASSIFICATION[[#This Row],[Keyword]],CLASSIFICATION[[#This Row],[Classification (Generalized keyword)]]) -> Data Structure | I12: =_xlfn.CONCAT(CLASSIFICATION[[#This Row],[Project Stage Aggr]],",",CLASSIFICATION[[#This Row],[Functional Scope Aggr]],",",CLASSIFICATION[[#This Row],[Keyword]]) -> Design,Database model,Data Structure | J12: =_xlfn.CONCAT(CLASSIFICATION[[#This Row],[Project Stage Aggr]],",",CLASSIFICATION[[#This Row],[Functional Scope Aggr]],",",CLASSIFICATION[[#This Row],[Keyword Aggr]]) -> Design,Database model,Data Structure | K12: =_xlfn.CONCAT(CLASSIFICATION[[#This Row],[Project Stage Aggr]],",",CLASSIFICATION[[#This Row],[Functional Scope Aggr]],",",CLASSIFICATION[[#This Row],[Keyword Aggr]],",",CLASSIFICATION[[#This Row],[Importance]]) -> Design,Database model,Data Structure,-3
C13: Data Types | D13: IT Data Types | E13: -4 | F13: {=_xlfn.XLOOKUP(TRUE,A$2:A13<>"",A$2:A13,,,-1)} -> Design | G13: {=_xlfn.XLOOKUP(TRUE,B$2:B13<>"",B$2:B13,,,-1)} -> Database model | H13: =IF(CLASSIFICATION[[#This Row],[Classification (Generalized keyword)]]="",CLASSIFICATION[[#This Row],[Keyword]],CLASSIFICATION[[#This Row],[Classification (Generalized keyword)]]) -> IT Data Types | I13: =_xlfn.CONCAT(CLASSIFICATION[[#This Row],[Project Stage Aggr]],",",CLASSIFICATION[[#This Row],[Functional Scope Aggr]],",",CLASSIFICATION[[#This Row],[Keyword]]) -> Design,Database model,Data Types | J13: =_xlfn.CONCAT(CLASSIFICATION[[#This Row],[Project Stage Aggr]],",",CLASSIFICATION[[#This Row],[Functional Scope Aggr]],",",CLASSIFICATION[[#This Row],[Keyword Aggr]]) -> Design,Database model,IT Data Types | K13: =_xlfn.CONCAT(CLASSIFICATION[[#This Row],[Project Stage Aggr]],",",CLASSIFICATION[[#This Row],[Functional Scope Aggr]],",",CLASSIFICATION[[#This Row],[Keyword Aggr]],",",CLASSIFICATION[[#This Row],[Importance]]) -> Design,Database model,IT Data Types,-4
C14: Denormalization | E14: -3 | F14: {=_xlfn.XLOOKUP(TRUE,A$2:A14<>"",A$2:A14,,,-1)} -> Design | G14: {=_xlfn.XLOOKUP(TRUE,B$2:B14<>"",B$2:B14,,,-1)} -> Database model | H14: =IF(CLASSIFICATION[[#This Row],[Classification (Generalized keyword)]]="",CLASSIFICATION[[#This Row],[Keyword]],CLASSIFICATION[[#This Row],[Classification (Generalized keyword)]]) -> Denormalization | I14: =_xlfn.CONCAT(CLASSIFICATION[[#This Row],[Project Stage Aggr]],",",CLASSIFICATION[[#This Row],[Functional Scope Aggr]],",",CLASSIFICATION[[#This Row],[Keyword]]) -> Design,Database model,Denormalization | J14: =_xlfn.CONCAT(CLASSIFICATION[[#This Row],[Project Stage Aggr]],",",CLASSIFICATION[[#This Row],[Functional Scope Aggr]],",",CLASSIFICATION[[#This Row],[Keyword Aggr]]) -> Design,Database model,Denormalization | K14: =_xlfn.CONCAT(CLASSIFICATION[[#This Row],[Project Stage Aggr]],",",CLASSIFICATION[[#This Row],[Functional Scope Aggr]],",",CLASSIFICATION[[#This Row],[Keyword Aggr]],",",CLASSIFICATION[[#This Row],[Importance]]) -> Design,Database model,Denormalization,-3
C15: Domain Model | E15: -3 | F15: {=_xlfn.XLOOKUP(TRUE,A$2:A15<>"",A$2:A15,,,-1)} -> Design | G15: {=_xlfn.XLOOKUP(TRUE,B$2:B15<>"",B$2:B15,,,-1)} -> Database model | H15: =IF(CLASSIFICATION[[#This Row],[Classification (Generalized keyword)]]="",CLASSIFICATION[[#This Row],[Keyword]],CLASSIFICATION[[#This Row],[Classification (Generalized keyword)]]) -> Domain Model | I15: =_xlfn.CONCAT(CLASSIFICATION[[#This Row],[Project Stage Aggr]],",",CLASSIFICATION[[#This Row],[Functional Scope Aggr]],",",CLASSIFICATION[[#This Row],[Keyword]]) -> Design,Database model,Domain Model | J15: =_xlfn.CONCAT(CLASSIFICATION[[#This Row],[Project Stage Aggr]],",",CLASSIFICATION[[#This Row],[Functional Scope Aggr]],",",CLASSIFICATION[[#This Row],[Keyword Aggr]]) -> Design,Database model,Domain Model | K15: =_xlfn.CONCAT(CLASSIFICATION[[#This Row],[Project Stage Aggr]],",",CLASSIFICATION[[#This Row],[Functional Scope Aggr]],",",CLASSIFICATION[[#This Row],[Keyword Aggr]],",",CLASSIFICATION[[#This Row],[Importance]]) -> Design,Database model,Domain Model,-3
C16: Entity Diagrams | E16: -4 | F16: {=_xlfn.XLOOKUP(TRUE,A$2:A16<>"",A$2:A16,,,-1)} -> Design | G16: {=_xlfn.XLOOKUP(TRUE,B$2:B16<>"",B$2:B16,,,-1)} -> Database model | H16: =IF(CLASSIFICATION[[#This Row],[Classification (Generalized keyword)]]="",CLASSIFICATION[[#This Row],[Keyword]],CLASSIFICATION[[#This Row],[Classification (Generalized keyword)]]) -> Entity Diagrams | I16: =_xlfn.CONCAT(CLASSIFICATION[[#This Row],[Project Stage Aggr]],",",CLASSIFICATION[[#This Row],[Functional Scope Aggr]],",",CLASSIFICATION[[#This Row],[Keyword]]) -> Design,Database model,Entity Diagrams | J16: =_xlfn.CONCAT(CLASSIFICATION[[#This Row],[Project Stage Aggr]],",",CLASSIFICATION[[#This Row],[Functional Scope Aggr]],",",CLASSIFICATION[[#This Row],[Keyword Aggr]]) -> Design,Database model,Entity Diagrams | K16: =_xlfn.CONCAT(CLASSIFICATION[[#This Row],[Project Stage Aggr]],",",CLASSIFICATION[[#This Row],[Functional Scope Aggr]],",",CLASSIFICATION[[#This Row],[Keyword Aggr]],",",CLASSIFICATION[[#This Row],[Importance]]) -> Design,Database model,Entity Diagrams,-4
C17: Entity relationships | D17: Entity Diagrams | E17: -4 | F17: {=_xlfn.XLOOKUP(TRUE,A$2:A17<>"",A$2:A17,,,-1)} -> Design | G17: {=_xlfn.XLOOKUP(TRUE,B$2:B17<>"",B$2:B17,,,-1)} -> Database model | H17: =IF(CLASSIFICATION[[#This Row],[Classification (Generalized keyword)]]="",CLASSIFICATION[[#This Row],[Keyword]],CLASSIFICATION[[#This Row],[Classification (Generalized keyword)]]) -> Entity Diagrams | I17: =_xlfn.CONCAT(CLASSIFICATION[[#This Row],[Project Stage Aggr]],",",CLASSIFICATION[[#This Row],[Functional Scope Aggr]],",",CLASSIFICATION[[#This Row],[Keyword]]) -> Design,Database model,Entity relationships | J17: =_xlfn.CONCAT(CLASSIFICATION[[#This Row],[Project Stage Aggr]],",",CLASSIFICATION[[#This Row],[Functional Scope Aggr]],",",CLASSIFICATION[[#This Row],[Keyword Aggr]]) -> Design,Database model,Entity Diagrams | K17: =_xlfn.CONCAT(CLASSIFICATION[[#This Row],[Project Stage Aggr]],",",CLASSIFICATION[[#This Row],[Functional Scope Aggr]],",",CLASSIFICATION[[#This Row],[Keyword Aggr]],",",CLASSIFICATION[[#This Row],[Importance]]) -> Design,Database model,Entity Diagrams,-4
C18: Enumeration | E18: -1 | F18: {=_xlfn.XLOOKUP(TRUE,A$2:A18<>"",A$2:A18,,,-1)} -> Design | G18: {=_xlfn.XLOOKUP(TRUE,B$2:B18<>"",B$2:B18,,,-1)} -> Database model | H18: =IF(CLASSIFICATION[[#This Row],[Classification (Generalized keyword)]]="",CLASSIFICATION[[#This Row],[Keyword]],CLASSIFICATION[[#This Row],[Classification (Generalized keyword)]]) -> Enumeration | I18: =_xlfn.CONCAT(CLASSIFICATION[[#This Row],[Project Stage Aggr]],",",CLASSIFICATION[[#This Row],[Functional Scope Aggr]],",",CLASSIFICATION[[#This Row],[Keyword]]) -> Design,Database model,Enumeration | J18: =_xlfn.CONCAT(CLASSIFICATION[[#This Row],[Project Stage Aggr]],",",CLASSIFICATION[[#This Row],[Functional Scope Aggr]],",",CLASSIFICATION[[#This Row],[Keyword Aggr]]) -> Design,Database model,Enumeration | K18: =_xlfn.CONCAT(CLASSIFICATION[[#This Row],[Project Stage Aggr]],",",CLASSIFICATION[[#This Row],[Functional Scope Aggr]],",",CLASSIFICATION[[#This Row],[Keyword Aggr]],",",CLASSIFICATION[[#This Row],[Importance]]) -> Design,Database model,Enumeration,-1
C19: Expressions | E19: -1 | F19: {=_xlfn.XLOOKUP(TRUE,A$2:A19<>"",A$2:A19,,,-1)} -> Design | G19: {=_xlfn.XLOOKUP(TRUE,B$2:B19<>"",B$2:B19,,,-1)} -> Database model | H19: =IF(CLASSIFICATION[[#This Row],[Classification (Generalized keyword)]]="",CLASSIFICATION[[#This Row],[Keyword]],CLASSIFICATION[[#This Row],[Classification (Generalized keyword)]]) -> Expressions | I19: =_xlfn.CONCAT(CLASSIFICATION[[#This Row],[Project Stage Aggr]],",",CLASSIFICATION[[#This Row],[Functional Scope Aggr]],",",CLASSIFICATION[[#This Row],[Keyword]]) -> Design,Database model,Expressions | J19: =_xlfn.CONCAT(CLASSIFICATION[[#This Row],[Project Stage Aggr]],",",CLASSIFICATION[[#This Row],[Functional Scope Aggr]],",",CLASSIFICATION[[#This Row],[Keyword Aggr]]) -> Design,Database model,Expressions | K19: =_xlfn.CONCAT(CLASSIFICATION[[#This Row],[Project Stage Aggr]],",",CLASSIFICATION[[#This Row],[Functional Scope Aggr]],",",CLASSIFICATION[[#This Row],[Keyword Aggr]],",",CLASSIFICATION[[#This Row],[Importance]]) -> Design,Database model,Expressions,-1
C20: Foreign Key | D20: Relational Database | E20: -5 | F20: {=_xlfn.XLOOKUP(TRUE,A$2:A20<>"",A$2:A20,,,-1)} -> Design | G20: {=_xlfn.XLOOKUP(TRUE,B$2:B20<>"",B$2:B20,,,-1)} -> Database model | H20: =IF(CLASSIFICATION[[#This Row],[Classification (Generalized keyword)]]="",CLASSIFICATION[[#This Row],[Keyword]],CLASSIFICATION[[#This Row],[Classification (Generalized keyword)]]) -> Relational Database | I20: =_xlfn.CONCAT(CLASSIFICATION[[#This Row],[Project Stage Aggr]],",",CLASSIFICATION[[#This Row],[Functional Scope Aggr]],",",CLASSIFICATION[[#This Row],[Keyword]]) -> Design,Database model,Foreign Key | J20: =_xlfn.CONCAT(CLASSIFICATION[[#This Row],[Project Stage Aggr]],",",CLASSIFICATION[[#This Row],[Functional Scope Aggr]],",",CLASSIFICATION[[#This Row],[Keyword Aggr]]) -> Design,Database model,Relational Database | K20: =_xlfn.CONCAT(CLASSIFICATION[[#This Row],[Project Stage Aggr]],",",CLASSIFICATION[[#This Row],[Functional Scope Aggr]],",",CLASSIFICATION[[#This Row],[Keyword Aggr]],",",CLASSIFICATION[[#This Row],[Importance]]) -> Design,Database model,Relational Database,-5
C21: Indexes | D21: Relational Database | E21: -5 | F21: {=_xlfn.XLOOKUP(TRUE,A$2:A21<>"",A$2:A21,,,-1)} -> Design | G21: {=_xlfn.XLOOKUP(TRUE,B$2:B21<>"",B$2:B21,,,-1)} -> Database model | H21: =IF(CLASSIFICATION[[#This Row],[Classification (Generalized keyword)]]="",CLASSIFICATION[[#This Row],[Keyword]],CLASSIFICATION[[#This Row],[Classification (Generalized keyword)]]) -> Relational Database | I21: =_xlfn.CONCAT(CLASSIFICATION[[#This Row],[Project Stage Aggr]],",",CLASSIFICATION[[#This Row],[Functional Scope Aggr]],",",CLASSIFICATION[[#This Row],[Keyword]]) -> Design,Database model,Indexes | J21: =_xlfn.CONCAT(CLASSIFICATION[[#This Row],[Project Stage Aggr]],",",CLASSIFICATION[[#This Row],[Functional Scope Aggr]],",",CLASSIFICATION[[#This Row],[Keyword Aggr]]) -> Design,Database model,Relational Database | K21: =_xlfn.CONCAT(CLASSIFICATION[[#This Row],[Project Stage Aggr]],",",CLASSIFICATION[[#This Row],[Functional Scope Aggr]],",",CLASSIFICATION[[#This Row],[Keyword Aggr]],",",CLASSIFICATION[[#This Row],[Importance]]) -> Design,Database model,Relational Database,-5
C22: Many-to-Many | D22: Relational Database | E22: -5 | F22: {=_xlfn.XLOOKUP(TRUE,A$2:A22<>"",A$2:A22,,,-1)} -> Design | G22: {=_xlfn.XLOOKUP(TRUE,B$2:B22<>"",B$2:B22,,,-1)} -> Database model | H22: =IF(CLASSIFICATION[[#This Row],[Classification (Generalized keyword)]]="",CLASSIFICATION[[#This Row],[Keyword]],CLASSIFICATION[[#This Row],[Classification (Generalized keyword)]]) -> Relational Database | I22: =_xlfn.CONCAT(CLASSIFICATION[[#This Row],[Project Stage Aggr]],",",CLASSIFICATION[[#This Row],[Functional Scope Aggr]],",",CLASSIFICATION[[#This Row],[Keyword]]) -> Design,Database model,Many-to-Many | J22: =_xlfn.CONCAT(CLASSIFICATION[[#This Row],[Project Stage Aggr]],",",CLASSIFICATION[[#This Row],[Functional Scope Aggr]],",",CLASSIFICATION[[#This Row],[Keyword Aggr]]) -> Design,Database model,Relational Database | K22: =_xlfn.CONCAT(CLASSIFICATION[[#This Row],[Project Stage Aggr]],",",CLASSIFICATION[[#This Row],[Functional Scope Aggr]],",",CLASSIFICATION[[#This Row],[Keyword Aggr]],",",CLASSIFICATION[[#This Row],[Importance]]) -> Design,Database model,Relational Database,-5
C23: One-to-Many | D23: Relational Database | E23: -5 | F23: {=_xlfn.XLOOKUP(TRUE,A$2:A23<>"",A$2:A23,,,-1)} -> Design | G23: {=_xlfn.XLOOKUP(TRUE,B$2:B23<>"",B$2:B23,,,-1)} -> Database model | H23: =IF(CLASSIFICATION[[#This Row],[Classification (Generalized keyword)]]="",CLASSIFICATION[[#This Row],[Keyword]],CLASSIFICATION[[#This Row],[Classification (Generalized keyword)]]) -> Relational Database | I23: =_xlfn.CONCAT(CLASSIFICATION[[#This Row],[Project Stage Aggr]],",",CLASSIFICATION[[#This Row],[Functional Scope Aggr]],",",CLASSIFICATION[[#This Row],[Keyword]]) -> Design,Database model,One-to-Many | J23: =_xlfn.CONCAT(CLASSIFICATION[[#This Row],[Project Stage Aggr]],",",CLASSIFICATION[[#This Row],[Functional Scope Aggr]],",",CLASSIFICATION[[#This Row],[Keyword Aggr]]) -> Design,Database model,Relational Database | K23: =_xlfn.CONCAT(CLASSIFICATION[[#This Row],[Project Stage Aggr]],",",CLASSIFICATION[[#This Row],[Functional Scope Aggr]],",",CLASSIFICATION[[#This Row],[Keyword Aggr]],",",CLASSIFICATION[[#This Row],[Importance]]) -> Design,Database model,Relational Database,-5
C24: One-to-One | D24: Relational Database | E24: -5 | F24: {=_xlfn.XLOOKUP(TRUE,A$2:A24<>"",A$2:A24,,,-1)} -> Design | G24: {=_xlfn.XLOOKUP(TRUE,B$2:B24<>"",B$2:B24,,,-1)} -> Database model | H24: =IF(CLASSIFICATION[[#This Row],[Classification (Generalized keyword)]]="",CLASSIFICATION[[#This Row],[Keyword]],CLASSIFICATION[[#This Row],[Classification (Generalized keyword)]]) -> Relational Database | I24: =_xlfn.CONCAT(CLASSIFICATION[[#This Row],[Project Stage Aggr]],",",CLASSIFICATION[[#This Row],[Functional Scope Aggr]],",",CLASSIFICATION[[#This Row],[Keyword]]) -> Design,Database model,One-to-One | J24: =_xlfn.CONCAT(CLASSIFICATION[[#This Row],[Project Stage Aggr]],",",CLASSIFICATION[[#This Row],[Functional Scope Aggr]],",",CLASSIFICATION[[#This Row],[Keyword Aggr]]) -> Design,Database model,Relational Database | K24: =_xlfn.CONCAT(CLASSIFICATION[[#This Row],[Project Stage Aggr]],",",CLASSIFICATION[[#This Row],[Functional Scope Aggr]],",",CLASSIFICATION[[#This Row],[Keyword Aggr]],",",CLASSIFICATION[[#This Row],[Importance]]) -> Design,Database model,Relational Database,-5
C25: Primary Key | D25: Relational Database | E25: -5 | F25: {=_xlfn.XLOOKUP(TRUE,A$2:A25<>"",A$2:A25,,,-1)} -> Design | G25: {=_xlfn.XLOOKUP(TRUE,B$2:B25<>"",B$2:B25,,,-1)} -> Database model | H25: =IF(CLASSIFICATION[[#This Row],[Classification (Generalized keyword)]]="",CLASSIFICATION[[#This Row],[Keyword]],CLASSIFICATION[[#This Row],[Classification (Generalized keyword)]]) -> Relational Database | I25: =_xlfn.CONCAT(CLASSIFICATION[[#This Row],[Project Stage Aggr]],",",CLASSIFICATION[[#This Row],[Functional Scope Aggr]],",",CLASSIFICATION[[#This Row],[Keyword]]) -> Design,Database model,Primary Key | J25: =_xlfn.CONCAT(CLASSIFICATION[[#This Row],[Project Stage Aggr]],",",CLASSIFICATION[[#This Row],[Functional Scope Aggr]],",",CLASSIFICATION[[#This Row],[Keyword Aggr]]) -> Design,Database model,Relational Database | K25: =_xlfn.CONCAT(CLASSIFICATION[[#This Row],[Project Stage Aggr]],",",CLASSIFICATION[[#This Row],[Functional Scope Aggr]],",",CLASSIFICATION[[#This Row],[Keyword Aggr]],",",CLASSIFICATION[[#This Row],[Importance]]) -> Design,Database model,Relational Database,-5
C26: XML | D26: XML/XPath | E26: -4 | F26: {=_xlfn.XLOOKUP(TRUE,A$2:A26<>"",A$2:A26,,,-1)} -> Design | G26: {=_xlfn.XLOOKUP(TRUE,B$2:B26<>"",B$2:B26,,,-1)} -> Database model | H26: =IF(CLASSIFICATION[[#This Row],[Classification (Generalized keyword)]]="",CLASSIFICATION[[#This Row],[Keyword]],CLASSIFICATION[[#This Row],[Classification (Generalized keyword)]]) -> XML/XPath | I26: =_xlfn.CONCAT(CLASSIFICATION[[#This Row],[Project Stage Aggr]],",",CLASSIFICATION[[#This Row],[Functional Scope Aggr]],",",CLASSIFICATION[[#This Row],[Keyword]]) -> Design,Database model,XML | J26: =_xlfn.CONCAT(CLASSIFICATION[[#This Row],[Project Stage Aggr]],",",CLASSIFICATION[[#This Row],[Functional Scope Aggr]],",",CLASSIFICATION[[#This Row],[Keyword Aggr]]) -> Design,Database model,XML/XPath | K26: =_xlfn.CONCAT(CLASSIFICATION[[#This Row],[Project Stage Aggr]],",",CLASSIFICATION[[#This Row],[Functional Scope Aggr]],",",CLASSIFICATION[[#This Row],[Keyword Aggr]],",",CLASSIFICATION[[#This Row],[Importance]]) -> Design,Database model,XML/XPath,-4
C27: XPath | D27: XML/XPath | E27: -4 | F27: {=_xlfn.XLOOKUP(TRUE,A$2:A27<>"",A$2:A27,,,-1)} -> Design | G27: {=_xlfn.XLOOKUP(TRUE,B$2:B27<>"",B$2:B27,,,-1)} -> Database model | H27: =IF(CLASSIFICATION[[#This Row],[Classification (Generalized keyword)]]="",CLASSIFICATION[[#This Row],[Keyword]],CLASSIFICATION[[#This Row],[Classification (Generalized keyword)]]) -> XML/XPath | I27: =_xlfn.CONCAT(CLASSIFICATION[[#This Row],[Project Stage Aggr]],",",CLASSIFICATION[[#This Row],[Functional Scope Aggr]],",",CLASSIFICATION[[#This Row],[Keyword]]) -> Design,Database model,XPath | J27: =_xlfn.CONCAT(CLASSIFICATION[[#This Row],[Project Stage Aggr]],",",CLASSIFICATION[[#This Row],[Functional Scope Aggr]],",",CLASSIFICATION[[#This Row],[Keyword Aggr]]) -> Design,Database model,XML/XPath | K27: =_xlfn.CONCAT(CLASSIFICATION[[#This Row],[Project Stage Aggr]],",",CLASSIFICATION[[#This Row],[Functional Scope Aggr]],",",CLASSIFICATION[[#This Row],[Keyword Aggr]],",",CLASSIFICATION[[#This Row],[Importance]]) -> Design,Database model,XML/XPath,-4
C28: XML/Xpath | E28: -4 | F28: {=_xlfn.XLOOKUP(TRUE,A$2:A28<>"",A$2:A28,,,-1)} -> Design | G28: {=_xlfn.XLOOKUP(TRUE,B$2:B28<>"",B$2:B28,,,-1)} -> Database model | H28: =IF(CLASSIFICATION[[#This Row],[Classification (Generalized keyword)]]="",CLASSIFICATION[[#This Row],[Keyword]],CLASSIFICATION[[#This Row],[Classification (Generalized keyword)]]) -> XML/Xpath | I28: =_xlfn.CONCAT(CLASSIFICATION[[#This Row],[Project Stage Aggr]],",",CLASSIFICATION[[#This Row],[Functional Scope Aggr]],",",CLASSIFICATION[[#This Row],[Keyword]]) -> Design,Database model,XML/Xpath | J28: =_xlfn.CONCAT(CLASSIFICATION[[#This Row],[Project Stage Aggr]],",",CLASSIFICATION[[#This Row],[Functional Scope Aggr]],",",CLASSIFICATION[[#This Row],[Keyword Aggr]]) -> Design,Database model,XML/Xpath | K28: =_xlfn.CONCAT(CLASSIFICATION[[#This Row],[Project Stage Aggr]],",",CLASSIFICATION[[#This Row],[Functional Scope Aggr]],",",CLASSIFICATION[[#This Row],[Keyword Aggr]],",",CLASSIFICATION[[#This Row],[Importance]]) -> Design,Database model,XML/Xpath,-4
B29: UI model | C29: +App templates | D29: +App templates | E29: 4 | F29: {=_xlfn.XLOOKUP(TRUE,A$2:A29<>"",A$2:A29,,,-1)} -> Design | G29: {=_xlfn.XLOOKUP(TRUE,B$2:B29<>"",B$2:B29,,,-1)} -> UI model | H29: =IF(CLASSIFICATION[[#This Row],[Classification (Generalized keyword)]]="",CLASSIFICATION[[#This Row],[Keyword]],CLASSIFICATION[[#This Row],[Classification (Generalized keyword)]]) -> +App templates | I29: =_xlfn.CONCAT(CLASSIFICATION[[#This Row],[Project Stage Aggr]],",",CLASSIFICATION[[#This Row],[Functional Scope Aggr]],",",CLASSIFICATION[[#This Row],[Keyword]]) -> Design,UI model,+App templates | J29: =_xlfn.CONCAT(CLASSIFICATION[[#This Row],[Project Stage Aggr]],",",CLASSIFICATION[[#This Row],[Functional Scope Aggr]],",",CLASSIFICATION[[#This Row],[Keyword Aggr]]) -> Design,UI model,+App templates | K29: =_xlfn.CONCAT(CLASSIFICATION[[#This Row],[Project Stage Aggr]],",",CLASSIFICATION[[#This Row],[Functional Scope Aggr]],",",CLASSIFICATION[[#This Row],[Keyword Aggr]],",",CLASSIFICATION[[#This Row],[Importance]]) -> Design,UI model,+App templates,4
C30: +App templates (CUBBE) | D30: +App templates | E30: 4 | F30: {=_xlfn.XLOOKUP(TRUE,A$2:A30<>"",A$2:A30,,,-1)} -> Design | G30: {=_xlfn.XLOOKUP(TRUE,B$2:B30<>"",B$2:B30,,,-1)} -> UI model | H30: =IF(CLASSIFICATION[[#This Row],[Classification (Generalized keyword)]]="",CLASSIFICATION[[#This Row],[Keyword]],CLASSIFICATION[[#This Row],[Classification (Generalized keyword)]]) -> +App templates | I30: =_xlfn.CONCAT(CLASSIFICATION[[#This Row],[Project Stage Aggr]],",",CLASSIFICATION[[#This Row],[Functional Scope Aggr]],",",CLASSIFICATION[[#This Row],[Keyword]]) -> Design,UI model,+App templates (CUBBE) | J30: =_xlfn.CONCAT(CLASSIFICATION[[#This Row],[Project Stage Aggr]],",",CLASSIFICATION[[#This Row],[Functional Scope Aggr]],",",CLASSIFICATION[[#This Row],[Keyword Aggr]]) -> Design,UI model,+App templates | K30: =_xlfn.CONCAT(CLASSIFICATION[[#This Row],[Project Stage Aggr]],",",CLASSIFICATION[[#This Row],[Functional Scope Aggr]],",",CLASSIFICATION[[#This Row],[Keyword Aggr]],",",CLASSIFICATION[[#This Row],[Importance]]) -> Design,UI model,+App templates,4
C31: +Business Data Types | E31: 5 | F31: {=_xlfn.XLOOKUP(TRUE,A$2:A31<>"",A$2:A31,,,-1)} -> Design | G31: {=_xlfn.XLOOKUP(TRUE,B$2:B31<>"",B$2:B31,,,-1)} -> UI model | H31: =IF(CLASSIFICATION[[#This Row],[Classification (Generalized keyword)]]="",CLASSIFICATION[[#This Row],[Keyword]],CLASSIFICATION[[#This Row],[Classification (Generalized keyword)]]) -> +Business Data Types | I31: =_xlfn.CONCAT(CLASSIFICATION[[#This Row],[Project Stage Aggr]],",",CLASSIFICATION[[#This Row],[Functional Scope Aggr]],",",CLASSIFICATION[[#This Row],[Keyword]]) -> Design,UI model,+Business Data Types | J31: =_xlfn.CONCAT(CLASSIFICATION[[#This Row],[Project Stage Aggr]],",",CLASSIFICATION[[#This Row],[Functional Scope Aggr]],",",CLASSIFICATION[[#This Row],[Keyword Aggr]]) -> Design,UI model,+Business Data Types | K31: =_xlfn.CONCAT(CLASSIFICATION[[#This Row],[Project Stage Aggr]],",",CLASSIFICATION[[#This Row],[Functional Scope Aggr]],",",CLASSIFICATION[[#This Row],[Keyword Aggr]],",",CLASSIFICATION[[#This Row],[Importance]]) -> Design,UI model,+Business Data Types,5
C32: +Screen Templates | D32: +Screen Templates | E32: 4 | F32: {=_xlfn.XLOOKUP(TRUE,A$2:A32<>"",A$2:A32,,,-1)} -> Design | G32: {=_xlfn.XLOOKUP(TRUE,B$2:B32<>"",B$2:B32,,,-1)} -> UI model | H32: =IF(CLASSIFICATION[[#This Row],[Classification (Generalized keyword)]]="",CLASSIFICATION[[#This Row],[Keyword]],CLASSIFICATION[[#This Row],[Classification (Generalized keyword)]]) -> +Screen Templates | I32: =_xlfn.CONCAT(CLASSIFICATION[[#This Row],[Project Stage Aggr]],",",CLASSIFICATION[[#This Row],[Functional Scope Aggr]],",",CLASSIFICATION[[#This Row],[Keyword]]) -> Design,UI model,+Screen Templates | J32: =_xlfn.CONCAT(CLASSIFICATION[[#This Row],[Project Stage Aggr]],",",CLASSIFICATION[[#This Row],[Functional Scope Aggr]],",",CLASSIFICATION[[#This Row],[Keyword Aggr]]) -> Design,UI model,+Screen Templates | K32: =_xlfn.CONCAT(CLASSIFICATION[[#This Row],[Project Stage Aggr]],",",CLASSIFICATION[[#This Row],[Functional Scope Aggr]],",",CLASSIFICATION[[#This Row],[Keyword Aggr]],",",CLASSIFICATION[[#This Row],[Importance]]) -> Design,UI model,+Screen Templates,4
C33: +Screen Templates / Sample Power Apps | D33: +Screen Templates | E33: 4 | F33: {=_xlfn.XLOOKUP(TRUE,A$2:A33<>"",A$2:A33,,,-1)} -> Design | G33: {=_xlfn.XLOOKUP(TRUE,B$2:B33<>"",B$2:B33,,,-1)} -> UI model | H33: =IF(CLASSIFICATION[[#This Row],[Classification (Generalized keyword)]]="",CLASSIFICATION[[#This Row],[Keyword]],CLASSIFICATION[[#This Row],[Classification (Generalized keyword)]]) -> +Screen Templates | I33: =_xlfn.CONCAT(CLASSIFICATION[[#This Row],[Project Stage Aggr]],",",CLASSIFICATION[[#This Row],[Functional Scope Aggr]],",",CLASSIFICATION[[#This Row],[Keyword]]) -> Design,UI model,+Screen Templates / Sample Power Apps | J33: =_xlfn.CONCAT(CLASSIFICATION[[#This Row],[Project Stage Aggr]],",",CLASSIFICATION[[#This Row],[Functional Scope Aggr]],",",CLASSIFICATION[[#This Row],[Keyword Aggr]]) -> Design,UI model,+Screen Templates | K33: =_xlfn.CONCAT(CLASSIFICATION[[#This Row],[Project Stage Aggr]],",",CLASSIFICATION[[#This Row],[Functional Scope Aggr]],",",CLASSIFICATION[[#This Row],[Keyword Aggr]],",",CLASSIFICATION[[#This Row],[Importance]]) -> Design,UI model,+Screen Templates,4
C34: +Screen templates / Zoho - Pre-built Apps | D34: +Screen Templates | E34: 4 | F34: {=_xlfn.XLOOKUP(TRUE,A$2:A34<>"",A$2:A34,,,-1)} -> Design | G34: {=_xlfn.XLOOKUP(TRUE,B$2:B34<>"",B$2:B34,,,-1)} -> UI model | H34: =IF(CLASSIFICATION[[#This Row],[Classification (Generalized keyword)]]="",CLASSIFICATION[[#This Row],[Keyword]],CLASSIFICATION[[#This Row],[Classification (Generalized keyword)]]) -> +Screen Templates | I34: =_xlfn.CONCAT(CLASSIFICATION[[#This Row],[Project Stage Aggr]],",",CLASSIFICATION[[#This Row],[Functional Scope Aggr]],",",CLASSIFICATION[[#This Row],[Keyword]]) -> Design,UI model,+Screen templates / Zoho - Pre-built Apps | J34: =_xlfn.CONCAT(CLASSIFICATION[[#This Row],[Project Stage Aggr]],",",CLASSIFICATION[[#This Row],[Functional Scope Aggr]],",",CLASSIFICATION[[#This Row],[Keyword Aggr]]) -> Design,UI model,+Screen Templates | K34: =_xlfn.CONCAT(CLASSIFICATION[[#This Row],[Project Stage Aggr]],",",CLASSIFICATION[[#This Row],[Functional Scope Aggr]],",",CLASSIFICATION[[#This Row],[Keyword Aggr]],",",CLASSIFICATION[[#This Row],[Importance]]) -> Design,UI model,+Screen Templates,4
C35: +UI Branding (no HTML/CSS) | D35: +UI Branding | E35: 3 | F35: {=_xlfn.XLOOKUP(TRUE,A$2:A35<>"",A$2:A35,,,-1)} -> Design | G35: {=_xlfn.XLOOKUP(TRUE,B$2:B35<>"",B$2:B35,,,-1)} -> UI model | H35: =IF(CLASSIFICATION[[#This Row],[Classification (Generalized keyword)]]="",CLASSIFICATION[[#This Row],[Keyword]],CLASSIFICATION[[#This Row],[Classification (Generalized keyword)]]) -> +UI Branding | I35: =_xlfn.CONCAT(CLASSIFICATION[[#This Row],[Project Stage Aggr]],",",CLASSIFICATION[[#This Row],[Functional Scope Aggr]],",",CLASSIFICATION[[#This Row],[Keyword]]) -> Design,UI model,+UI Branding (no HTML/CSS) | J35: =_xlfn.CONCAT(CLASSIFICATION[[#This Row],[Project Stage Aggr]],",",CLASSIFICATION[[#This Row],[Functional Scope Aggr]],",",CLASSIFICATION[[#This Row],[Keyword Aggr]]) -> Design,UI model,+UI Branding | K35: =_xlfn.CONCAT(CLASSIFICATION[[#This Row],[Project Stage Aggr]],",",CLASSIFICATION[[#This Row],[Functional Scope Aggr]],",",CLASSIFICATION[[#This Row],[Keyword Aggr]],",",CLASSIFICATION[[#This Row],[Importance]]) -> Design,UI model,+UI Branding,3
C36: +View Types | E36: 4 | F36: {=_xlfn.XLOOKUP(TRUE,A$2:A36<>"",A$2:A36,,,-1)} -> Design | G36: {=_xlfn.XLOOKUP(TRUE,B$2:B36<>"",B$2:B36,,,-1)} -> UI model | H36: =IF(CLASSIFICATION[[#This Row],[Classification (Generalized keyword)]]="",CLASSIFICATION[[#This Row],[Keyword]],CLASSIFICATION[[#This Row],[Classification (Generalized keyword)]]) -> +View Types | I36: =_xlfn.CONCAT(CLASSIFICATION[[#This Row],[Project Stage Aggr]],",",CLASSIFICATION[[#This Row],[Functional Scope Aggr]],",",CLASSIFICATION[[#This Row],[Keyword]]) -> Design,UI model,+View Types | J36: =_xlfn.CONCAT(CLASSIFICATION[[#This Row],[Project Stage Aggr]],",",CLASSIFICATION[[#This Row],[Functional Scope Aggr]],",",CLASSIFICATION[[#This Row],[Keyword Aggr]]) -> Design,UI model,+View Types | K36: =_xlfn.CONCAT(CLASSIFICATION[[#This Row],[Project Stage Aggr]],",",CLASSIFICATION[[#This Row],[Functional Scope Aggr]],",",CLASSIFICATION[[#This Row],[Keyword Aggr]],",",CLASSIFICATION[[#This Row],[Importance]]) -> Design,UI model,+View Types,4
C37: Boolean Expressions | D37: Expressions | E37: -1 | F37: {=_xlfn.XLOOKUP(TRUE,A$2:A37<>"",A$2:A37,,,-1)} -> Design | G37: {=_xlfn.XLOOKUP(TRUE,B$2:B37<>"",B$2:B37,,,-1)} -> UI model | H37: =IF(CLASSIFICATION[[#This Row],[Classification (Generalized keyword)]]="",CLASSIFICATION[[#This Row],[Keyword]],CLASSIFICATION[[#This Row],[Classification (Generalized keyword)]]) -> Expressions | I37: =_xlfn.CONCAT(CLASSIFICATION[[#This Row],[Project Stage Aggr]],",",CLASSIFICATION[[#This Row],[Functional Scope Aggr]],",",CLASSIFICATION[[#This Row],[Keyword]]) -> Design,UI model,Boolean Expressions | J37: =_xlfn.CONCAT(CLASSIFICATION[[#This Row],[Project Stage Aggr]],",",CLASSIFICATION[[#This Row],[Functional Scope Aggr]],",",CLASSIFICATION[[#This Row],[Keyword Aggr]]) -> Design,UI model,Expressions | K37: =_xlfn.CONCAT(CLASSIFICATION[[#This Row],[Project Stage Aggr]],",",CLASSIFICATION[[#This Row],[Functional Scope Aggr]],",",CLASSIFICATION[[#This Row],[Keyword Aggr]],",",CLASSIFICATION[[#This Row],[Importance]]) -> Design,UI model,Expressions,-1
C38: Conditional Expressions | D38: Expressions | E38: -1 | F38: {=_xlfn.XLOOKUP(TRUE,A$2:A38<>"",A$2:A38,,,-1)} -> Design | G38: {=_xlfn.XLOOKUP(TRUE,B$2:B38<>"",B$2:B38,,,-1)} -> UI model | H38: =IF(CLASSIFICATION[[#This Row],[Classification (Generalized keyword)]]="",CLASSIFICATION[[#This Row],[Keyword]],CLASSIFICATION[[#This Row],[Classification (Generalized keyword)]]) -> Expressions | I38: =_xlfn.CONCAT(CLASSIFICATION[[#This Row],[Project Stage Aggr]],",",CLASSIFICATION[[#This Row],[Functional Scope Aggr]],",",CLASSIFICATION[[#This Row],[Keyword]]) -> Design,UI model,Conditional Expressions | J38: =_xlfn.CONCAT(CLASSIFICATION[[#This Row],[Project Stage Aggr]],",",CLASSIFICATION[[#This Row],[Functional Scope Aggr]],",",CLASSIFICATION[[#This Row],[Keyword Aggr]]) -> Design,UI model,Expressions | K38: =_xlfn.CONCAT(CLASSIFICATION[[#This Row],[Project Stage Aggr]],",",CLASSIFICATION[[#This Row],[Functional Scope Aggr]],",",CLASSIFICATION[[#This Row],[Keyword Aggr]],",",CLASSIFICATION[[#This Row],[Importance]]) -> Design,UI model,Expressions,-1
C39: Data Types | D39: IT Data Types | E39: -4 | F39: {=_xlfn.XLOOKUP(TRUE,A$2:A39<>"",A$2:A39,,,-1)} -> Design | G39: {=_xlfn.XLOOKUP(TRUE,B$2:B39<>"",B$2:B39,,,-1)} -> UI model | H39: =IF(CLASSIFICATION[[#This Row],[Classification (Generalized keyword)]]="",CLASSIFICATION[[#This Row],[Keyword]],CLASSIFICATION[[#This Row],[Classification (Generalized keyword)]]) -> IT Data Types | I39: =_xlfn.CONCAT(CLASSIFICATION[[#This Row],[Project Stage Aggr]],",",CLASSIFICATION[[#This Row],[Functional Scope Aggr]],",",CLASSIFICATION[[#This Row],[Keyword]]) -> Design,UI model,Data Types | J39: =_xlfn.CONCAT(CLASSIFICATION[[#This Row],[Project Stage Aggr]],",",CLASSIFICATION[[#This Row],[Functional Scope Aggr]],",",CLASSIFICATION[[#This Row],[Keyword Aggr]]) -> Design,UI model,IT Data Types | K39: =_xlfn.CONCAT(CLASSIFICATION[[#This Row],[Project Stage Aggr]],",",CLASSIFICATION[[#This Row],[Functional Scope Aggr]],",",CLASSIFICATION[[#This Row],[Keyword Aggr]],",",CLASSIFICATION[[#This Row],[Importance]]) -> Design,UI model,IT Data Types,-4
C40: Expressions | D40: Expressions | E40: -1 | F40: {=_xlfn.XLOOKUP(TRUE,A$2:A40<>"",A$2:A40,,,-1)} -> Design | G40: {=_xlfn.XLOOKUP(TRUE,B$2:B40<>"",B$2:B40,,,-1)} -> UI model | H40: =IF(CLASSIFICATION[[#This Row],[Classification (Generalized keyword)]]="",CLASSIFICATION[[#This Row],[Keyword]],CLASSIFICATION[[#This Row],[Classification (Generalized keyword)]]) -> Expressions | I40: =_xlfn.CONCAT(CLASSIFICATION[[#This Row],[Project Stage Aggr]],",",CLASSIFICATION[[#This Row],[Functional Scope Aggr]],",",CLASSIFICATION[[#This Row],[Keyword]]) -> Design,UI model,Expressions | J40: =_xlfn.CONCAT(CLASSIFICATION[[#This Row],[Project Stage Aggr]],",",CLASSIFICATION[[#This Row],[Functional Scope Aggr]],",",CLASSIFICATION[[#This Row],[Keyword Aggr]]) -> Design,UI model,Expressions | K40: =_xlfn.CONCAT(CLASSIFICATION[[#This Row],[Project Stage Aggr]],",",CLASSIFICATION[[#This Row],[Functional Scope Aggr]],",",CLASSIFICATION[[#This Row],[Keyword Aggr]],",",CLASSIFICATION[[#This Row],[Importance]]) -> Design,UI model,Expressions,-1
C41: Functions | E41: -2 | F41: {=_xlfn.XLOOKUP(TRUE,A$2:A41<>"",A$2:A41,,,-1)} -> Design | G41: {=_xlfn.XLOOKUP(TRUE,B$2:B41<>"",B$2:B41,,,-1)} -> UI model | H41: =IF(CLASSIFICATION[[#This Row],[Classification (Generalized keyword)]]="",CLASSIFICATION[[#This Row],[Keyword]],CLASSIFICATION[[#This Row],[Classification (Generalized keyword)]]) -> Functions | I41: =_xlfn.CONCAT(CLASSIFICATION[[#This Row],[Project Stage Aggr]],",",CLASSIFICATION[[#This Row],[Functional Scope Aggr]],",",CLASSIFICATION[[#This Row],[Keyword]]) -> Design,UI model,Functions | J41: =_xlfn.CONCAT(CLASSIFICATION[[#This Row],[Project Stage Aggr]],",",CLASSIFICATION[[#This Row],[Functional Scope Aggr]],",",CLASSIFICATION[[#This Row],[Keyword Aggr]]) -> Design,UI model,Functions | K41: =_xlfn.CONCAT(CLASSIFICATION[[#This Row],[Project Stage Aggr]],",",CLASSIFICATION[[#This Row],[Functional Scope Aggr]],",",CLASSIFICATION[[#This Row],[Keyword Aggr]],",",CLASSIFICATION[[#This Row],[Importance]]) -> Design,UI model,Functions,-2
C42: Model-driven Apps | E42: -3 | F42: {=_xlfn.XLOOKUP(TRUE,A$2:A42<>"",A$2:A42,,,-1)} -> Design | G42: {=_xlfn.XLOOKUP(TRUE,B$2:B42<>"",B$2:B42,,,-1)} -> UI model | H42: =IF(CLASSIFICATION[[#This Row],[Classification (Generalized keyword)]]="",CLASSIFICATION[[#This Row],[Keyword]],CLASSIFICATION[[#This Row],[Classification (Generalized keyword)]]) -> Model-driven Apps | I42: =_xlfn.CONCAT(CLASSIFICATION[[#This Row],[Project Stage Aggr]],",",CLASSIFICATION[[#This Row],[Functional Scope Aggr]],",",CLASSIFICATION[[#This Row],[Keyword]]) -> Design,UI model,Model-driven Apps | J42: =_xlfn.CONCAT(CLASSIFICATION[[#This Row],[Project Stage Aggr]],",",CLASSIFICATION[[#This Row],[Functional Scope Aggr]],",",CLASSIFICATION[[#This Row],[Keyword Aggr]]) -> Design,UI model,Model-driven Apps | K42: =_xlfn.CONCAT(CLASSIFICATION[[#This Row],[Project Stage Aggr]],",",CLASSIFICATION[[#This Row],[Functional Scope Aggr]],",",CLASSIFICATION[[#This Row],[Keyword Aggr]],",",CLASSIFICATION[[#This Row],[Importance]]) -> Design,UI model,Model-driven Apps,-3
C43: Reactive Web App | E43: -3 | F43: {=_xlfn.XLOOKUP(TRUE,A$2:A43<>"",A$2:A43,,,-1)} -> Design | G43: {=_xlfn.XLOOKUP(TRUE,B$2:B43<>"",B$2:B43,,,-1)} -> UI model | H43: =IF(CLASSIFICATION[[#This Row],[Classification (Generalized keyword)]]="",CLASSIFICATION[[#This Row],[Keyword]],CLASSIFICATION[[#This Row],[Classification (Generalized keyword)]]) -> Reactive Web App | I43: =_xlfn.CONCAT(CLASSIFICATION[[#This Row],[Project Stage Aggr]],",",CLASSIFICATION[[#This Row],[Functional Scope Aggr]],",",CLASSIFICATION[[#This Row],[Keyword]]) -> Design,UI model,Reactive Web App | J43: =_xlfn.CONCAT(CLASSIFICATION[[#This Row],[Project Stage Aggr]],",",CLASSIFICATION[[#This Row],[Functional Scope Aggr]],",",CLASSIFICATION[[#This Row],[Keyword Aggr]]) -> Design,UI model,Reactive Web App | K43: =_xlfn.CONCAT(CLASSIFICATION[[#This Row],[Project Stage Aggr]],",",CLASSIFICATION[[#This Row],[Functional Scope Aggr]],",",CLASSIFICATION[[#This Row],[Keyword Aggr]],",",CLASSIFICATION[[#This Row],[Importance]]) -> Design,UI model,Reactive Web App,-3
C44: Responsive Web Design | E44: -4 | F44: {=_xlfn.XLOOKUP(TRUE,A$2:A44<>"",A$2:A44,,,-1)} -> Design | G44: {=_xlfn.XLOOKUP(TRUE,B$2:B44<>"",B$2:B44,,,-1)} -> UI model | H44: =IF(CLASSIFICATION[[#This Row],[Classification (Generalized keyword)]]="",CLASSIFICATION[[#This Row],[Keyword]],CLASSIFICATION[[#This Row],[Classification (Generalized keyword)]]) -> Responsive Web Design | I44: =_xlfn.CONCAT(CLASSIFICATION[[#This Row],[Project Stage Aggr]],",",CLASSIFICATION[[#This Row],[Functional Scope Aggr]],",",CLASSIFICATION[[#This Row],[Keyword]]) -> Design,UI model,Responsive Web Design | J44: =_xlfn.CONCAT(CLASSIFICATION[[#This Row],[Project Stage Aggr]],",",CLASSIFICATION[[#This Row],[Functional Scope Aggr]],",",CLASSIFICATION[[#This Row],[Keyword Aggr]]) -> Design,UI model,Responsive Web Design | K44: =_xlfn.CONCAT(CLASSIFICATION[[#This Row],[Project Stage Aggr]],",",CLASSIFICATION[[#This Row],[Functional Scope Aggr]],",",CLASSIFICATION[[#This Row],[Keyword Aggr]],",",CLASSIFICATION[[#This Row],[Importance]]) -> Design,UI model,Responsive Web Design,-4
C45: Variables | E45: -4 | F45: {=_xlfn.XLOOKUP(TRUE,A$2:A45<>"",A$2:A45,,,-1)} -> Design | G45: {=_xlfn.XLOOKUP(TRUE,B$2:B45<>"",B$2:B45,,,-1)} -> UI model | H45: =IF(CLASSIFICATION[[#This Row],[Classification (Generalized keyword)]]="",CLASSIFICATION[[#This Row],[Keyword]],CLASSIFICATION[[#This Row],[Classification (Generalized keyword)]]) -> Variables | I45: =_xlfn.CONCAT(CLASSIFICATION[[#This Row],[Project Stage Aggr]],",",CLASSIFICATION[[#This Row],[Functional Scope Aggr]],",",CLASSIFICATION[[#This Row],[Keyword]]) -> Design,UI model,Variables | J45: =_xlfn.CONCAT(CLASSIFICATION[[#This Row],[Project Stage Aggr]],",",CLASSIFICATION[[#This Row],[Functional Scope Aggr]],",",CLASSIFICATION[[#This Row],[Keyword Aggr]]) -> Design,UI model,Variables | K45: =_xlfn.CONCAT(CLASSIFICATION[[#This Row],[Project Stage Aggr]],",",CLASSIFICATION[[#This Row],[Functional Scope Aggr]],",",CLASSIFICATION[[#This Row],[Keyword Aggr]],",",CLASSIFICATION[[#This Row],[Importance]]) -> Design,UI model,Variables,-4
B46: Validations | C46: +Business Rules (graphical) | D46: +Business Rules | E46: 4 | F46: {=_xlfn.XLOOKUP(TRUE,A$2:A46<>"",A$2:A46,,,-1)} -> Design | G46: {=_xlfn.XLOOKUP(TRUE,B$2:B46<>"",B$2:B46,,,-1)} -> Validations | H46: =IF(CLASSIFICATION[[#This Row],[Classification (Generalized keyword)]]="",CLASSIFICATION[[#This Row],[Keyword]],CLASSIFICATION[[#This Row],[Classification (Generalized keyword)]]) -> +Business Rules | I46: =_xlfn.CONCAT(CLASSIFICATION[[#This Row],[Project Stage Aggr]],",",CLASSIFICATION[[#This Row],[Functional Scope Aggr]],",",CLASSIFICATION[[#This Row],[Keyword]]) -> Design,Validations,+Business Rules (graphical) | J46: =_xlfn.CONCAT(CLASSIFICATION[[#This Row],[Project Stage Aggr]],",",CLASSIFICATION[[#This Row],[Functional Scope Aggr]],",",CLASSIFICATION[[#This Row],[Keyword Aggr]]) -> Design,Validations,+Business Rules | K46: =_xlfn.CONCAT(CLASSIFICATION[[#This Row],[Project Stage Aggr]],",",CLASSIFICATION[[#This Row],[Functional Scope Aggr]],",",CLASSIFICATION[[#This Row],[Keyword Aggr]],",",CLASSIFICATION[[#This Row],[Importance]]) -> Design,Validations,+Business Rules,4
C47: +Lookup/Drop-down Data Patterns | D47: +Lookup/Drop-down | E47: 4 | F47: {=_xlfn.XLOOKUP(TRUE,A$2:A47<>"",A$2:A47,,,-1)} -> Design | G47: {=_xlfn.XLOOKUP(TRUE,B$2:B47<>"",B$2:B47,,,-1)} -> Validations | H47: =IF(CLASSIFICATION[[#This Row],[Classification (Generalized keyword)]]="",CLASSIFICATION[[#This Row],[Keyword]],CLASSIFICATION[[#This Row],[Classification (Generalized keyword)]]) -> +Lookup/Drop-down | I47: =_xlfn.CONCAT(CLASSIFICATION[[#This Row],[Project Stage Aggr]],",",CLASSIFICATION[[#This Row],[Functional Scope Aggr]],",",CLASSIFICATION[[#This Row],[Keyword]]) -> Design,Validations,+Lookup/Drop-down Data Patterns | J47: =_xlfn.CONCAT(CLASSIFICATION[[#This Row],[Project Stage Aggr]],",",CLASSIFICATION[[#This Row],[Functional Scope Aggr]],",",CLASSIFICATION[[#This Row],[Keyword Aggr]]) -> Design,Validations,+Lookup/Drop-down | K47: =_xlfn.CONCAT(CLASSIFICATION[[#This Row],[Project Stage Aggr]],",",CLASSIFICATION[[#This Row],[Functional Scope Aggr]],",",CLASSIFICATION[[#This Row],[Keyword Aggr]],",",CLASSIFICATION[[#This Row],[Importance]]) -> Design,Validations,+Lookup/Drop-down,4
C48: +Lookup/Drop-down Data Patterns (dictionaries and multi field groups) | D48: +Lookup/Drop-down | E48: 4 | F48: {=_xlfn.XLOOKUP(TRUE,A$2:A48<>"",A$2:A48,,,-1)} -> Design | G48: {=_xlfn.XLOOKUP(TRUE,B$2:B48<>"",B$2:B48,,,-1)} -> Validations | H48: =IF(CLASSIFICATION[[#This Row],[Classification (Generalized keyword)]]="",CLASSIFICATION[[#This Row],[Keyword]],CLASSIFICATION[[#This Row],[Classification (Generalized keyword)]]) -> +Lookup/Drop-down | I48: =_xlfn.CONCAT(CLASSIFICATION[[#This Row],[Project Stage Aggr]],",",CLASSIFICATION[[#This Row],[Functional Scope Aggr]],",",CLASSIFICATION[[#This Row],[Keyword]]) -> Design,Validations,+Lookup/Drop-down Data Patterns (dictionaries and multi field groups) | J48: =_xlfn.CONCAT(CLASSIFICATION[[#This Row],[Project Stage Aggr]],",",CLASSIFICATION[[#This Row],[Functional Scope Aggr]],",",CLASSIFICATION[[#This Row],[Keyword Aggr]]) -> Design,Validations,+Lookup/Drop-down | K48: =_xlfn.CONCAT(CLASSIFICATION[[#This Row],[Project Stage Aggr]],",",CLASSIFICATION[[#This Row],[Functional Scope Aggr]],",",CLASSIFICATION[[#This Row],[Keyword Aggr]],",",CLASSIFICATION[[#This Row],[Importance]]) -> Design,Validations,+Lookup/Drop-down,4
C49: Arithmetic Expressions | D49: Expressions | E49: -1 | F49: {=_xlfn.XLOOKUP(TRUE,A$2:A49<>"",A$2:A49,,,-1)} -> Design | G49: {=_xlfn.XLOOKUP(TRUE,B$2:B49<>"",B$2:B49,,,-1)} -> Validations | H49: =IF(CLASSIFICATION[[#This Row],[Classification (Generalized keyword)]]="",CLASSIFICATION[[#This Row],[Keyword]],CLASSIFICATION[[#This Row],[Classification (Generalized keyword)]]) -> Expressions | I49: =_xlfn.CONCAT(CLASSIFICATION[[#This Row],[Project Stage Aggr]],",",CLASSIFICATION[[#This Row],[Functional Scope Aggr]],",",CLASSIFICATION[[#This Row],[Keyword]]) -> Design,Validations,Arithmetic Expressions | J49: =_xlfn.CONCAT(CLASSIFICATION[[#This Row],[Project Stage Aggr]],",",CLASSIFICATION[[#This Row],[Functional Scope Aggr]],",",CLASSIFICATION[[#This Row],[Keyword Aggr]]) -> Design,Validations,Expressions | K49: =_xlfn.CONCAT(CLASSIFICATION[[#This Row],[Project Stage Aggr]],",",CLASSIFICATION[[#This Row],[Functional Scope Aggr]],",",CLASSIFICATION[[#This Row],[Keyword Aggr]],",",CLASSIFICATION[[#This Row],[Importance]]) -> Design,Validations,Expressions,-1
C50: Boolean Expressions | D50: Expressions | E50: -1 | F50: {=_xlfn.XLOOKUP(TRUE,A$2:A50<>"",A$2:A50,,,-1)} -> Design | G50: {=_xlfn.XLOOKUP(TRUE,B$2:B50<>"",B$2:B50,,,-1)} -> Validations | H50: =IF(CLASSIFICATION[[#This Row],[Classification (Generalized keyword)]]="",CLASSIFICATION[[#This Row],[Keyword]],CLASSIFICATION[[#This Row],[Classification (Generalized keyword)]]) -> Expressions | I50: =_xlfn.CONCAT(CLASSIFICATION[[#This Row],[Project Stage Aggr]],",",CLASSIFICATION[[#This Row],[Functional Scope Aggr]],",",CLASSIFICATION[[#This Row],[Keyword]]) -> Design,Validations,Boolean Expressions | J50: =_xlfn.CONCAT(CLASSIFICATION[[#This Row],[Project Stage Aggr]],",",CLASSIFICATION[[#This Row],[Functional Scope Aggr]],",",CLASSIFICATION[[#This Row],[Keyword Aggr]]) -> Design,Validations,Expressions | K50: =_xlfn.CONCAT(CLASSIFICATION[[#This Row],[Project Stage Aggr]],",",CLASSIFICATION[[#This Row],[Functional Scope Aggr]],",",CLASSIFICATION[[#This Row],[Keyword Aggr]],",",CLASSIFICATION[[#This Row],[Importance]]) -> Design,Validations,Expressions,-1
C51: Conditional Expressions | D51: Expressions | E51: -1 | F51: {=_xlfn.XLOOKUP(TRUE,A$2:A51<>"",A$2:A51,,,-1)} -> Design | G51: {=_xlfn.XLOOKUP(TRUE,B$2:B51<>"",B$2:B51,,,-1)} -> Validations | H51: =IF(CLASSIFICATION[[#This Row],[Classification (Generalized keyword)]]="",CLASSIFICATION[[#This Row],[Keyword]],CLASSIFICATION[[#This Row],[Classification (Generalized keyword)]]) -> Expressions | I51: =_xlfn.CONCAT(CLASSIFICATION[[#This Row],[Project Stage Aggr]],",",CLASSIFICATION[[#This Row],[Functional Scope Aggr]],",",CLASSIFICATION[[#This Row],[Keyword]]) -> Design,Validations,Conditional Expressions | J51: =_xlfn.CONCAT(CLASSIFICATION[[#This Row],[Project Stage Aggr]],",",CLASSIFICATION[[#This Row],[Functional Scope Aggr]],",",CLASSIFICATION[[#This Row],[Keyword Aggr]]) -> Design,Validations,Expressions | K51: =_xlfn.CONCAT(CLASSIFICATION[[#This Row],[Project Stage Aggr]],",",CLASSIFICATION[[#This Row],[Functional Scope Aggr]],",",CLASSIFICATION[[#This Row],[Keyword Aggr]],",",CLASSIFICATION[[#This Row],[Importance]]) -> Design,Validations,Expressions,-1
C52: Enumerations | E52: -1 | F52: {=_xlfn.XLOOKUP(TRUE,A$2:A52<>"",A$2:A52,,,-1)} -> Design | G52: {=_xlfn.XLOOKUP(TRUE,B$2:B52<>"",B$2:B52,,,-1)} -> Validations | H52: =IF(CLASSIFICATION[[#This Row],[Classification (Generalized keyword)]]="",CLASSIFICATION[[#This Row],[Keyword]],CLASSIFICATION[[#This Row],[Classification (Generalized keyword)]]) -> Enumerations | I52: =_xlfn.CONCAT(CLASSIFICATION[[#This Row],[Project Stage Aggr]],",",CLASSIFICATION[[#This Row],[Functional Scope Aggr]],",",CLASSIFICATION[[#This Row],[Keyword]]) -> Design,Validations,Enumerations | J52: =_xlfn.CONCAT(CLASSIFICATION[[#This Row],[Project Stage Aggr]],",",CLASSIFICATION[[#This Row],[Functional Scope Aggr]],",",CLASSIFICATION[[#This Row],[Keyword Aggr]]) -> Design,Validations,Enumerations | K52: =_xlfn.CONCAT(CLASSIFICATION[[#This Row],[Project Stage Aggr]],",",CLASSIFICATION[[#This Row],[Functional Scope Aggr]],",",CLASSIFICATION[[#This Row],[Keyword Aggr]],",",CLASSIFICATION[[#This Row],[Importance]]) -> Design,Validations,Enumerations,-1
C53: JavaScript | E53: -4 | F53: {=_xlfn.XLOOKUP(TRUE,A$2:A53<>"",A$2:A53,,,-1)} -> Design | G53: {=_xlfn.XLOOKUP(TRUE,B$2:B53<>"",B$2:B53,,,-1)} -> Validations | H53: =IF(CLASSIFICATION[[#This Row],[Classification (Generalized keyword)]]="",CLASSIFICATION[[#This Row],[Keyword]],CLASSIFICATION[[#This Row],[Classification (Generalized keyword)]]) -> JavaScript | I53: =_xlfn.CONCAT(CLASSIFICATION[[#This Row],[Project Stage Aggr]],",",CLASSIFICATION[[#This Row],[Functional Scope Aggr]],",",CLASSIFICATION[[#This Row],[Keyword]]) -> Design,Validations,JavaScript | J53: =_xlfn.CONCAT(CLASSIFICATION[[#This Row],[Project Stage Aggr]],",",CLASSIFICATION[[#This Row],[Functional Scope Aggr]],",",CLASSIFICATION[[#This Row],[Keyword Aggr]]) -> Design,Validations,JavaScript | K53: =_xlfn.CONCAT(CLASSIFICATION[[#This Row],[Project Stage Aggr]],",",CLASSIFICATION[[#This Row],[Functional Scope Aggr]],",",CLASSIFICATION[[#This Row],[Keyword Aggr]],",",CLASSIFICATION[[#This Row],[Importance]]) -> Design,Validations,JavaScript,-4
C54: Scripts (Deluge) | D54: Scripts | E54: -4 | F54: {=_xlfn.XLOOKUP(TRUE,A$2:A54<>"",A$2:A54,,,-1)} -> Design | G54: {=_xlfn.XLOOKUP(TRUE,B$2:B54<>"",B$2:B54,,,-1)} -> Validations | H54: =IF(CLASSIFICATION[[#This Row],[Classification (Generalized keyword)]]="",CLASSIFICATION[[#This Row],[Keyword]],CLASSIFICATION[[#This Row],[Classification (Generalized keyword)]]) -> Scripts | I54: =_xlfn.CONCAT(CLASSIFICATION[[#This Row],[Project Stage Aggr]],",",CLASSIFICATION[[#This Row],[Functional Scope Aggr]],",",CLASSIFICATION[[#This Row],[Keyword]]) -> Design,Validations,Scripts (Deluge) | J54: =_xlfn.CONCAT(CLASSIFICATION[[#This Row],[Project Stage Aggr]],",",CLASSIFICATION[[#This Row],[Functional Scope Aggr]],",",CLASSIFICATION[[#This Row],[Keyword Aggr]]) -> Design,Validations,Scripts | K54: =_xlfn.CONCAT(CLASSIFICATION[[#This Row],[Project Stage Aggr]],",",CLASSIFICATION[[#This Row],[Functional Scope Aggr]],",",CLASSIFICATION[[#This Row],[Keyword Aggr]],",",CLASSIFICATION[[#This Row],[Importance]]) -> Design,Validations,Scripts,-4
C55: Scripts (Groovy) | D55: Scripts | E55: -4 | F55: {=_xlfn.XLOOKUP(TRUE,A$2:A55<>"",A$2:A55,,,-1)} -> Design | G55: {=_xlfn.XLOOKUP(TRUE,B$2:B55<>"",B$2:B55,,,-1)} -> Validations | H55: =IF(CLASSIFICATION[[#This Row],[Classification (Generalized keyword)]]="",CLASSIFICATION[[#This Row],[Keyword]],CLASSIFICATION[[#This Row],[Classification (Generalized keyword)]]) -> Scripts | I55: =_xlfn.CONCAT(CLASSIFICATION[[#This Row],[Project Stage Aggr]],",",CLASSIFICATION[[#This Row],[Functional Scope Aggr]],",",CLASSIFICATION[[#This Row],[Keyword]]) -> Design,Validations,Scripts (Groovy) | J55: =_xlfn.CONCAT(CLASSIFICATION[[#This Row],[Project Stage Aggr]],",",CLASSIFICATION[[#This Row],[Functional Scope Aggr]],",",CLASSIFICATION[[#This Row],[Keyword Aggr]]) -> Design,Validations,Scripts | K55: =_xlfn.CONCAT(CLASSIFICATION[[#This Row],[Project Stage Aggr]],",",CLASSIFICATION[[#This Row],[Functional Scope Aggr]],",",CLASSIFICATION[[#This Row],[Keyword Aggr]],",",CLASSIFICATION[[#This Row],[Importance]]) -> Design,Validations,Scripts,-4
C56: String Functions | D56: Expressions | E56: -1 | F56: {=_xlfn.XLOOKUP(TRUE,A$2:A56<>"",A$2:A56,,,-1)} -> Design | G56: {=_xlfn.XLOOKUP(TRUE,B$2:B56<>"",B$2:B56,,,-1)} -> Validations | H56: =IF(CLASSIFICATION[[#This Row],[Classification (Generalized keyword)]]="",CLASSIFICATION[[#This Row],[Keyword]],CLASSIFICATION[[#This Row],[Classification (Generalized keyword)]]) -> Expressions | I56: =_xlfn.CONCAT(CLASSIFICATION[[#This Row],[Project Stage Aggr]],",",CLASSIFICATION[[#This Row],[Functional Scope Aggr]],",",CLASSIFICATION[[#This Row],[Keyword]]) -> Design,Validations,String Functions | J56: =_xlfn.CONCAT(CLASSIFICATION[[#This Row],[Project Stage Aggr]],",",CLASSIFICATION[[#This Row],[Functional Scope Aggr]],",",CLASSIFICATION[[#This Row],[Keyword Aggr]]) -> Design,Validations,Expressions | K56: =_xlfn.CONCAT(CLASSIFICATION[[#This Row],[Project Stage Aggr]],",",CLASSIFICATION[[#This Row],[Functional Scope Aggr]],",",CLASSIFICATION[[#This Row],[Keyword Aggr]],",",CLASSIFICATION[[#This Row],[Importance]]) -> Design,Validations,Expressions,-1
C57: Transactions | E57: -3 | F57: {=_xlfn.XLOOKUP(TRUE,A$2:A57<>"",A$2:A57,,,-1)} -> Design | G57: {=_xlfn.XLOOKUP(TRUE,B$2:B57<>"",B$2:B57,,,-1)} -> Validations | H57: =IF(CLASSIFICATION[[#This Row],[Classification (Generalized keyword)]]="",CLASSIFICATION[[#This Row],[Keyword]],CLASSIFICATION[[#This Row],[Classification (Generalized keyword)]]) -> Transactions | I57: =_xlfn.CONCAT(CLASSIFICATION[[#This Row],[Project Stage Aggr]],",",CLASSIFICATION[[#This Row],[Functional Scope Aggr]],",",CLASSIFICATION[[#This Row],[Keyword]]) -> Design,Validations,Transactions | J57: =_xlfn.CONCAT(CLASSIFICATION[[#This Row],[Project Stage Aggr]],",",CLASSIFICATION[[#This Row],[Functional Scope Aggr]],",",CLASSIFICATION[[#This Row],[Keyword Aggr]]) -> Design,Validations,Transactions | K57: =_xlfn.CONCAT(CLASSIFICATION[[#This Row],[Project Stage Aggr]],",",CLASSIFICATION[[#This Row],[Functional Scope Aggr]],",",CLASSIFICATION[[#This Row],[Keyword Aggr]],",",CLASSIFICATION[[#This Row],[Importance]]) -> Design,Validations,Transactions,-3
B58: Application logic | C58: +Actions | E58: 4 | F58: {=_xlfn.XLOOKUP(TRUE,A$2:A58<>"",A$2:A58,,,-1)} -> Design | G58: {=_xlfn.XLOOKUP(TRUE,B$2:B58<>"",B$2:B58,,,-1)} -> Application logic | H58: =IF(CLASSIFICATION[[#This Row],[Classification (Generalized keyword)]]="",CLASSIFICATION[[#This Row],[Keyword]],CLASSIFICATION[[#This Row],[Classification (Generalized keyword)]]) -> +Actions | I58: =_xlfn.CONCAT(CLASSIFICATION[[#This Row],[Project Stage Aggr]],",",CLASSIFICATION[[#This Row],[Functional Scope Aggr]],",",CLASSIFICATION[[#This Row],[Keyword]]) -> Design,Application logic,+Actions | J58: =_xlfn.CONCAT(CLASSIFICATION[[#This Row],[Project Stage Aggr]],",",CLASSIFICATION[[#This Row],[Functional Scope Aggr]],",",CLASSIFICATION[[#This Row],[Keyword Aggr]]) -> Design,Application logic,+Actions | K58: =_xlfn.CONCAT(CLASSIFICATION[[#This Row],[Project Stage Aggr]],",",CLASSIFICATION[[#This Row],[Functional Scope Aggr]],",",CLASSIFICATION[[#This Row],[Keyword Aggr]],",",CLASSIFICATION[[#This Row],[Importance]]) -> Design,Application logic,+Actions,4
C59: +Graphical actions | E59: 4 | F59: {=_xlfn.XLOOKUP(TRUE,A$2:A59<>"",A$2:A59,,,-1)} -> Design | G59: {=_xlfn.XLOOKUP(TRUE,B$2:B59<>"",B$2:B59,,,-1)} -> Application logic | H59: =IF(CLASSIFICATION[[#This Row],[Classification (Generalized keyword)]]="",CLASSIFICATION[[#This Row],[Keyword]],CLASSIFICATION[[#This Row],[Classification (Generalized keyword)]]) -> +Graphical actions | I59: =_xlfn.CONCAT(CLASSIFICATION[[#This Row],[Project Stage Aggr]],",",CLASSIFICATION[[#This Row],[Functional Scope Aggr]],",",CLASSIFICATION[[#This Row],[Keyword]]) -> Design,Application logic,+Graphical actions | J59: =_xlfn.CONCAT(CLASSIFICATION[[#This Row],[Project Stage Aggr]],",",CLASSIFICATION[[#This Row],[Functional Scope Aggr]],",",CLASSIFICATION[[#This Row],[Keyword Aggr]]) -> Design,Application logic,+Graphical actions | K59: =_xlfn.CONCAT(CLASSIFICATION[[#This Row],[Project Stage Aggr]],",",CLASSIFICATION[[#This Row],[Functional Scope Aggr]],",",CLASSIFICATION[[#This Row],[Keyword Aggr]],",",CLASSIFICATION[[#This Row],[Importance]]) -> Design,Application logic,+Graphical actions,4
C60: +NLP | E60: 4 | F60: {=_xlfn.XLOOKUP(TRUE,A$2:A60<>"",A$2:A60,,,-1)} -> Design | G60: {=_xlfn.XLOOKUP(TRUE,B$2:B60<>"",B$2:B60,,,-1)} -> Application logic | H60: =IF(CLASSIFICATION[[#This Row],[Classification (Generalized keyword)]]="",CLASSIFICATION[[#This Row],[Keyword]],CLASSIFICATION[[#This Row],[Classification (Generalized keyword)]]) -> +NLP | I60: =_xlfn.CONCAT(CLASSIFICATION[[#This Row],[Project Stage Aggr]],",",CLASSIFICATION[[#This Row],[Functional Scope Aggr]],",",CLASSIFICATION[[#This Row],[Keyword]]) -> Design,Application logic,+NLP | J60: =_xlfn.CONCAT(CLASSIFICATION[[#This Row],[Project Stage Aggr]],",",CLASSIFICATION[[#This Row],[Functional Scope Aggr]],",",CLASSIFICATION[[#This Row],[Keyword Aggr]]) -> Design,Application logic,+NLP | K60: =_xlfn.CONCAT(CLASSIFICATION[[#This Row],[Project Stage Aggr]],",",CLASSIFICATION[[#This Row],[Functional Scope Aggr]],",",CLASSIFICATION[[#This Row],[Keyword Aggr]],",",CLASSIFICATION[[#This Row],[Importance]]) -> Design,Application logic,+NLP,4
C61: +Power Fx - an Open-source programming language for low-code | D61: +Custom Language | E61: 3 | F61: {=_xlfn.XLOOKUP(TRUE,A$2:A61<>"",A$2:A61,,,-1)} -> Design | G61: {=_xlfn.XLOOKUP(TRUE,B$2:B61<>"",B$2:B61,,,-1)} -> Application logic | H61: =IF(CLASSIFICATION[[#This Row],[Classification (Generalized keyword)]]="",CLASSIFICATION[[#This Row],[Keyword]],CLASSIFICATION[[#This Row],[Classification (Generalized keyword)]]) -> +Custom Language | I61: =_xlfn.CONCAT(CLASSIFICATION[[#This Row],[Project Stage Aggr]],",",CLASSIFICATION[[#This Row],[Functional Scope Aggr]],",",CLASSIFICATION[[#This Row],[Keyword]]) -> Design,Application logic,+Power Fx - an Open-source programming language for low-code | J61: =_xlfn.CONCAT(CLASSIFICATION[[#This Row],[Project Stage Aggr]],",",CLASSIFICATION[[#This Row],[Functional Scope Aggr]],",",CLASSIFICATION[[#This Row],[Keyword Aggr]]) -> Design,Application logic,+Custom Language | K61: =_xlfn.CONCAT(CLASSIFICATION[[#This Row],[Project Stage Aggr]],",",CLASSIFICATION[[#This Row],[Functional Scope Aggr]],",",CLASSIFICATION[[#This Row],[Keyword Aggr]],",",CLASSIFICATION[[#This Row],[Importance]]) -> Design,Application logic,+Custom Language,3
C62: +Predefined Process Steps | D62: +Predefined Tasks | E62: 5 | F62: {=_xlfn.XLOOKUP(TRUE,A$2:A62<>"",A$2:A62,,,-1)} -> Design | G62: {=_xlfn.XLOOKUP(TRUE,B$2:B62<>"",B$2:B62,,,-1)} -> Application logic | H62: =IF(CLASSIFICATION[[#This Row],[Classification (Generalized keyword)]]="",CLASSIFICATION[[#This Row],[Keyword]],CLASSIFICATION[[#This Row],[Classification (Generalized keyword)]]) -> +Predefined Tasks | I62: =_xlfn.CONCAT(CLASSIFICATION[[#This Row],[Project Stage Aggr]],",",CLASSIFICATION[[#This Row],[Functional Scope Aggr]],",",CLASSIFICATION[[#This Row],[Keyword]]) -> Design,Application logic,+Predefined Process Steps | J62: =_xlfn.CONCAT(CLASSIFICATION[[#This Row],[Project Stage Aggr]],",",CLASSIFICATION[[#This Row],[Functional Scope Aggr]],",",CLASSIFICATION[[#This Row],[Keyword Aggr]]) -> Design,Application logic,+Predefined Tasks | K62: =_xlfn.CONCAT(CLASSIFICATION[[#This Row],[Project Stage Aggr]],",",CLASSIFICATION[[#This Row],[Functional Scope Aggr]],",",CLASSIFICATION[[#This Row],[Keyword Aggr]],",",CLASSIFICATION[[#This Row],[Importance]]) -> Design,Application logic,+Predefined Tasks,5
C63: +Predefined Tasks | D63: +Predefined Tasks | E63: 5 | F63: {=_xlfn.XLOOKUP(TRUE,A$2:A63<>"",A$2:A63,,,-1)} -> Design | G63: {=_xlfn.XLOOKUP(TRUE,B$2:B63<>"",B$2:B63,,,-1)} -> Application logic | H63: =IF(CLASSIFICATION[[#This Row],[Classification (Generalized keyword)]]="",CLASSIFICATION[[#This Row],[Keyword]],CLASSIFICATION[[#This Row],[Classification (Generalized keyword)]]) -> +Predefined Tasks | I63: =_xlfn.CONCAT(CLASSIFICATION[[#This Row],[Project Stage Aggr]],",",CLASSIFICATION[[#This Row],[Functional Scope Aggr]],",",CLASSIFICATION[[#This Row],[Keyword]]) -> Design,Application logic,+Predefined Tasks | J63: =_xlfn.CONCAT(CLASSIFICATION[[#This Row],[Project Stage Aggr]],",",CLASSIFICATION[[#This Row],[Functional Scope Aggr]],",",CLASSIFICATION[[#This Row],[Keyword Aggr]]) -> Design,Application logic,+Predefined Tasks | K63: =_xlfn.CONCAT(CLASSIFICATION[[#This Row],[Project Stage Aggr]],",",CLASSIFICATION[[#This Row],[Functional Scope Aggr]],",",CLASSIFICATION[[#This Row],[Keyword Aggr]],",",CLASSIFICATION[[#This Row],[Importance]]) -> Design,Application logic,+Predefined Tasks,5
C64: Activity Diagram | D64: UML | E64: -3 | F64: {=_xlfn.XLOOKUP(TRUE,A$2:A64<>"",A$2:A64,,,-1)} -> Design | G64: {=_xlfn.XLOOKUP(TRUE,B$2:B64<>"",B$2:B64,,,-1)} -> Application logic | H64: =IF(CLASSIFICATION[[#This Row],[Classification (Generalized keyword)]]="",CLASSIFICATION[[#This Row],[Keyword]],CLASSIFICATION[[#This Row],[Classification (Generalized keyword)]]) -> UML | I64: =_xlfn.CONCAT(CLASSIFICATION[[#This Row],[Project Stage Aggr]],",",CLASSIFICATION[[#This Row],[Functional Scope Aggr]],",",CLASSIFICATION[[#This Row],[Keyword]]) -> Design,Application logic,Activity Diagram | J64: =_xlfn.CONCAT(CLASSIFICATION[[#This Row],[Project Stage Aggr]],",",CLASSIFICATION[[#This Row],[Functional Scope Aggr]],",",CLASSIFICATION[[#This Row],[Keyword Aggr]]) -> Design,Application logic,UML | K64: =_xlfn.CONCAT(CLASSIFICATION[[#This Row],[Project Stage Aggr]],",",CLASSIFICATION[[#This Row],[Functional Scope Aggr]],",",CLASSIFICATION[[#This Row],[Keyword Aggr]],",",CLASSIFICATION[[#This Row],[Importance]]) -> Design,Application logic,UML,-3
C65: Algorithms | E65: -3 | F65: {=_xlfn.XLOOKUP(TRUE,A$2:A65<>"",A$2:A65,,,-1)} -> Design | G65: {=_xlfn.XLOOKUP(TRUE,B$2:B65<>"",B$2:B65,,,-1)} -> Application logic | H65: =IF(CLASSIFICATION[[#This Row],[Classification (Generalized keyword)]]="",CLASSIFICATION[[#This Row],[Keyword]],CLASSIFICATION[[#This Row],[Classification (Generalized keyword)]]) -> Algorithms | I65: =_xlfn.CONCAT(CLASSIFICATION[[#This Row],[Project Stage Aggr]],",",CLASSIFICATION[[#This Row],[Functional Scope Aggr]],",",CLASSIFICATION[[#This Row],[Keyword]]) -> Design,Application logic,Algorithms | J65: =_xlfn.CONCAT(CLASSIFICATION[[#This Row],[Project Stage Aggr]],",",CLASSIFICATION[[#This Row],[Functional Scope Aggr]],",",CLASSIFICATION[[#This Row],[Keyword Aggr]]) -> Design,Application logic,Algorithms | K65: =_xlfn.CONCAT(CLASSIFICATION[[#This Row],[Project Stage Aggr]],",",CLASSIFICATION[[#This Row],[Functional Scope Aggr]],",",CLASSIFICATION[[#This Row],[Keyword Aggr]],",",CLASSIFICATION[[#This Row],[Importance]]) -> Design,Application logic,Algorithms,-3
C66: Boolean Expressions | D66: Expressions | E66: -1 | F66: {=_xlfn.XLOOKUP(TRUE,A$2:A66<>"",A$2:A66,,,-1)} -> Design | G66: {=_xlfn.XLOOKUP(TRUE,B$2:B66<>"",B$2:B66,,,-1)} -> Application logic | H66: =IF(CLASSIFICATION[[#This Row],[Classification (Generalized keyword)]]="",CLASSIFICATION[[#This Row],[Keyword]],CLASSIFICATION[[#This Row],[Classification (Generalized keyword)]]) -> Expressions | I66: =_xlfn.CONCAT(CLASSIFICATION[[#This Row],[Project Stage Aggr]],",",CLASSIFICATION[[#This Row],[Functional Scope Aggr]],",",CLASSIFICATION[[#This Row],[Keyword]]) -> Design,Application logic,Boolean Expressions | J66: =_xlfn.CONCAT(CLASSIFICATION[[#This Row],[Project Stage Aggr]],",",CLASSIFICATION[[#This Row],[Functional Scope Aggr]],",",CLASSIFICATION[[#This Row],[Keyword Aggr]]) -> Design,Application logic,Expressions | K66: =_xlfn.CONCAT(CLASSIFICATION[[#This Row],[Project Stage Aggr]],",",CLASSIFICATION[[#This Row],[Functional Scope Aggr]],",",CLASSIFICATION[[#This Row],[Keyword Aggr]],",",CLASSIFICATION[[#This Row],[Importance]]) -> Design,Application logic,Expressions,-1
C67: Conditional Expressions | D67: Expressions | E67: -1 | F67: {=_xlfn.XLOOKUP(TRUE,A$2:A67<>"",A$2:A67,,,-1)} -> Design | G67: {=_xlfn.XLOOKUP(TRUE,B$2:B67<>"",B$2:B67,,,-1)} -> Application logic | H67: =IF(CLASSIFICATION[[#This Row],[Classification (Generalized keyword)]]="",CLASSIFICATION[[#This Row],[Keyword]],CLASSIFICATION[[#This Row],[Classification (Generalized keyword)]]) -> Expressions | I67: =_xlfn.CONCAT(CLASSIFICATION[[#This Row],[Project Stage Aggr]],",",CLASSIFICATION[[#This Row],[Functional Scope Aggr]],",",CLASSIFICATION[[#This Row],[Keyword]]) -> Design,Application logic,Conditional Expressions | J67: =_xlfn.CONCAT(CLASSIFICATION[[#This Row],[Project Stage Aggr]],",",CLASSIFICATION[[#This Row],[Functional Scope Aggr]],",",CLASSIFICATION[[#This Row],[Keyword Aggr]]) -> Design,Application logic,Expressions | K67: =_xlfn.CONCAT(CLASSIFICATION[[#This Row],[Project Stage Aggr]],",",CLASSIFICATION[[#This Row],[Functional Scope Aggr]],",",CLASSIFICATION[[#This Row],[Keyword Aggr]],",",CLASSIFICATION[[#This Row],[Importance]]) -> Design,Application logic,Expressions,-1
C68: Control Structures | E68: -2 | F68: {=_xlfn.XLOOKUP(TRUE,A$2:A68<>"",A$2:A68,,,-1)} -> Design | G68: {=_xlfn.XLOOKUP(TRUE,B$2:B68<>"",B$2:B68,,,-1)} -> Application logic | H68: =IF(CLASSIFICATION[[#This Row],[Classification (Generalized keyword)]]="",CLASSIFICATION[[#This Row],[Keyword]],CLASSIFICATION[[#This Row],[Classification (Generalized keyword)]]) -> Control Structures | I68: =_xlfn.CONCAT(CLASSIFICATION[[#This Row],[Project Stage Aggr]],",",CLASSIFICATION[[#This Row],[Functional Scope Aggr]],",",CLASSIFICATION[[#This Row],[Keyword]]) -> Design,Application logic,Control Structures | J68: =_xlfn.CONCAT(CLASSIFICATION[[#This Row],[Project Stage Aggr]],",",CLASSIFICATION[[#This Row],[Functional Scope Aggr]],",",CLASSIFICATION[[#This Row],[Keyword Aggr]]) -> Design,Application logic,Control Structures | K68: =_xlfn.CONCAT(CLASSIFICATION[[#This Row],[Project Stage Aggr]],",",CLASSIFICATION[[#This Row],[Functional Scope Aggr]],",",CLASSIFICATION[[#This Row],[Keyword Aggr]],",",CLASSIFICATION[[#This Row],[Importance]]) -> Design,Application logic,Control Structures,-2
C69: Data Types | D69: IT Data Types | E69: -3 | F69: {=_xlfn.XLOOKUP(TRUE,A$2:A69<>"",A$2:A69,,,-1)} -> Design | G69: {=_xlfn.XLOOKUP(TRUE,B$2:B69<>"",B$2:B69,,,-1)} -> Application logic | H69: =IF(CLASSIFICATION[[#This Row],[Classification (Generalized keyword)]]="",CLASSIFICATION[[#This Row],[Keyword]],CLASSIFICATION[[#This Row],[Classification (Generalized keyword)]]) -> IT Data Types | I69: =_xlfn.CONCAT(CLASSIFICATION[[#This Row],[Project Stage Aggr]],",",CLASSIFICATION[[#This Row],[Functional Scope Aggr]],",",CLASSIFICATION[[#This Row],[Keyword]]) -> Design,Application logic,Data Types | J69: =_xlfn.CONCAT(CLASSIFICATION[[#This Row],[Project Stage Aggr]],",",CLASSIFICATION[[#This Row],[Functional Scope Aggr]],",",CLASSIFICATION[[#This Row],[Keyword Aggr]]) -> Design,Application logic,IT Data Types | K69: =_xlfn.CONCAT(CLASSIFICATION[[#This Row],[Project Stage Aggr]],",",CLASSIFICATION[[#This Row],[Functional Scope Aggr]],",",CLASSIFICATION[[#This Row],[Keyword Aggr]],",",CLASSIFICATION[[#This Row],[Importance]]) -> Design,Application logic,IT Data Types,-3
C70: Events | E70: -4 | F70: {=_xlfn.XLOOKUP(TRUE,A$2:A70<>"",A$2:A70,,,-1)} -> Design | G70: {=_xlfn.XLOOKUP(TRUE,B$2:B70<>"",B$2:B70,,,-1)} -> Application logic | H70: =IF(CLASSIFICATION[[#This Row],[Classification (Generalized keyword)]]="",CLASSIFICATION[[#This Row],[Keyword]],CLASSIFICATION[[#This Row],[Classification (Generalized keyword)]]) -> Events | I70: =_xlfn.CONCAT(CLASSIFICATION[[#This Row],[Project Stage Aggr]],",",CLASSIFICATION[[#This Row],[Functional Scope Aggr]],",",CLASSIFICATION[[#This Row],[Keyword]]) -> Design,Application logic,Events | J70: =_xlfn.CONCAT(CLASSIFICATION[[#This Row],[Project Stage Aggr]],",",CLASSIFICATION[[#This Row],[Functional Scope Aggr]],",",CLASSIFICATION[[#This Row],[Keyword Aggr]]) -> Design,Application logic,Events | K70: =_xlfn.CONCAT(CLASSIFICATION[[#This Row],[Project Stage Aggr]],",",CLASSIFICATION[[#This Row],[Functional Scope Aggr]],",",CLASSIFICATION[[#This Row],[Keyword Aggr]],",",CLASSIFICATION[[#This Row],[Importance]]) -> Design,Application logic,Events,-4
C71: Expressions | D71: Expressions | E71: -1 | F71: {=_xlfn.XLOOKUP(TRUE,A$2:A71<>"",A$2:A71,,,-1)} -> Design | G71: {=_xlfn.XLOOKUP(TRUE,B$2:B71<>"",B$2:B71,,,-1)} -> Application logic | H71: =IF(CLASSIFICATION[[#This Row],[Classification (Generalized keyword)]]="",CLASSIFICATION[[#This Row],[Keyword]],CLASSIFICATION[[#This Row],[Classification (Generalized keyword)]]) -> Expressions | I71: =_xlfn.CONCAT(CLASSIFICATION[[#This Row],[Project Stage Aggr]],",",CLASSIFICATION[[#This Row],[Functional Scope Aggr]],",",CLASSIFICATION[[#This Row],[Keyword]]) -> Design,Application logic,Expressions | J71: =_xlfn.CONCAT(CLASSIFICATION[[#This Row],[Project Stage Aggr]],",",CLASSIFICATION[[#This Row],[Functional Scope Aggr]],",",CLASSIFICATION[[#This Row],[Keyword Aggr]]) -> Design,Application logic,Expressions | K71: =_xlfn.CONCAT(CLASSIFICATION[[#This Row],[Project Stage Aggr]],",",CLASSIFICATION[[#This Row],[Functional Scope Aggr]],",",CLASSIFICATION[[#This Row],[Keyword Aggr]],",",CLASSIFICATION[[#This Row],[Importance]]) -> Design,Application logic,Expressions,-1
C72: Formulas | E72: -3 | F72: {=_xlfn.XLOOKUP(TRUE,A$2:A72<>"",A$2:A72,,,-1)} -> Design | G72: {=_xlfn.XLOOKUP(TRUE,B$2:B72<>"",B$2:B72,,,-1)} -> Application logic | H72: =IF(CLASSIFICATION[[#This Row],[Classification (Generalized keyword)]]="",CLASSIFICATION[[#This Row],[Keyword]],CLASSIFICATION[[#This Row],[Classification (Generalized keyword)]]) -> Formulas | I72: =_xlfn.CONCAT(CLASSIFICATION[[#This Row],[Project Stage Aggr]],",",CLASSIFICATION[[#This Row],[Functional Scope Aggr]],",",CLASSIFICATION[[#This Row],[Keyword]]) -> Design,Application logic,Formulas | J72: =_xlfn.CONCAT(CLASSIFICATION[[#This Row],[Project Stage Aggr]],",",CLASSIFICATION[[#This Row],[Functional Scope Aggr]],",",CLASSIFICATION[[#This Row],[Keyword Aggr]]) -> Design,Application logic,Formulas | K72: =_xlfn.CONCAT(CLASSIFICATION[[#This Row],[Project Stage Aggr]],",",CLASSIFICATION[[#This Row],[Functional Scope Aggr]],",",CLASSIFICATION[[#This Row],[Keyword Aggr]],",",CLASSIFICATION[[#This Row],[Importance]]) -> Design,Application logic,Formulas,-3
C73: Functions | E73: -2 | F73: {=_xlfn.XLOOKUP(TRUE,A$2:A73<>"",A$2:A73,,,-1)} -> Design | G73: {=_xlfn.XLOOKUP(TRUE,B$2:B73<>"",B$2:B73,,,-1)} -> Application logic | H73: =IF(CLASSIFICATION[[#This Row],[Classification (Generalized keyword)]]="",CLASSIFICATION[[#This Row],[Keyword]],CLASSIFICATION[[#This Row],[Classification (Generalized keyword)]]) -> Functions | I73: =_xlfn.CONCAT(CLASSIFICATION[[#This Row],[Project Stage Aggr]],",",CLASSIFICATION[[#This Row],[Functional Scope Aggr]],",",CLASSIFICATION[[#This Row],[Keyword]]) -> Design,Application logic,Functions | J73: =_xlfn.CONCAT(CLASSIFICATION[[#This Row],[Project Stage Aggr]],",",CLASSIFICATION[[#This Row],[Functional Scope Aggr]],",",CLASSIFICATION[[#This Row],[Keyword Aggr]]) -> Design,Application logic,Functions | K73: =_xlfn.CONCAT(CLASSIFICATION[[#This Row],[Project Stage Aggr]],",",CLASSIFICATION[[#This Row],[Functional Scope Aggr]],",",CLASSIFICATION[[#This Row],[Keyword Aggr]],",",CLASSIFICATION[[#This Row],[Importance]]) -> Design,Application logic,Functions,-2
C74: Java | E74: -3 | F74: {=_xlfn.XLOOKUP(TRUE,A$2:A74<>"",A$2:A74,,,-1)} -> Design | G74: {=_xlfn.XLOOKUP(TRUE,B$2:B74<>"",B$2:B74,,,-1)} -> Application logic | H74: =IF(CLASSIFICATION[[#This Row],[Classification (Generalized keyword)]]="",CLASSIFICATION[[#This Row],[Keyword]],CLASSIFICATION[[#This Row],[Classification (Generalized keyword)]]) -> Java | I74: =_xlfn.CONCAT(CLASSIFICATION[[#This Row],[Project Stage Aggr]],",",CLASSIFICATION[[#This Row],[Functional Scope Aggr]],",",CLASSIFICATION[[#This Row],[Keyword]]) -> Design,Application logic,Java | J74: =_xlfn.CONCAT(CLASSIFICATION[[#This Row],[Project Stage Aggr]],",",CLASSIFICATION[[#This Row],[Functional Scope Aggr]],",",CLASSIFICATION[[#This Row],[Keyword Aggr]]) -> Design,Application logic,Java | K74: =_xlfn.CONCAT(CLASSIFICATION[[#This Row],[Project Stage Aggr]],",",CLASSIFICATION[[#This Row],[Functional Scope Aggr]],",",CLASSIFICATION[[#This Row],[Keyword Aggr]],",",CLASSIFICATION[[#This Row],[Importance]]) -> Design,Application logic,Java,-3
C75: JavaScript | E75: -3 | F75: {=_xlfn.XLOOKUP(TRUE,A$2:A75<>"",A$2:A75,,,-1)} -> Design | G75: {=_xlfn.XLOOKUP(TRUE,B$2:B75<>"",B$2:B75,,,-1)} -> Application logic | H75: =IF(CLASSIFICATION[[#This Row],[Classification (Generalized keyword)]]="",CLASSIFICATION[[#This Row],[Keyword]],CLASSIFICATION[[#This Row],[Classification (Generalized keyword)]]) -> JavaScript | I75: =_xlfn.CONCAT(CLASSIFICATION[[#This Row],[Project Stage Aggr]],",",CLASSIFICATION[[#This Row],[Functional Scope Aggr]],",",CLASSIFICATION[[#This Row],[Keyword]]) -> Design,Application logic,JavaScript | J75: =_xlfn.CONCAT(CLASSIFICATION[[#This Row],[Project Stage Aggr]],",",CLASSIFICATION[[#This Row],[Functional Scope Aggr]],",",CLASSIFICATION[[#This Row],[Keyword Aggr]]) -> Design,Application logic,JavaScript | K75: =_xlfn.CONCAT(CLASSIFICATION[[#This Row],[Project Stage Aggr]],",",CLASSIFICATION[[#This Row],[Functional Scope Aggr]],",",CLASSIFICATION[[#This Row],[Keyword Aggr]],",",CLASSIFICATION[[#This Row],[Importance]]) -> Design,Application logic,JavaScript,-3
C76: Microservices | E76: -4 | F76: {=_xlfn.XLOOKUP(TRUE,A$2:A76<>"",A$2:A76,,,-1)} -> Design | G76: {=_xlfn.XLOOKUP(TRUE,B$2:B76<>"",B$2:B76,,,-1)} -> Application logic | H76: =IF(CLASSIFICATION[[#This Row],[Classification (Generalized keyword)]]="",CLASSIFICATION[[#This Row],[Keyword]],CLASSIFICATION[[#This Row],[Classification (Generalized keyword)]]) -> Microservices | I76: =_xlfn.CONCAT(CLASSIFICATION[[#This Row],[Project Stage Aggr]],",",CLASSIFICATION[[#This Row],[Functional Scope Aggr]],",",CLASSIFICATION[[#This Row],[Keyword]]) -> Design,Application logic,Microservices | J76: =_xlfn.CONCAT(CLASSIFICATION[[#This Row],[Project Stage Aggr]],",",CLASSIFICATION[[#This Row],[Functional Scope Aggr]],",",CLASSIFICATION[[#This Row],[Keyword Aggr]]) -> Design,Application logic,Microservices | K76: =_xlfn.CONCAT(CLASSIFICATION[[#This Row],[Project Stage Aggr]],",",CLASSIFICATION[[#This Row],[Functional Scope Aggr]],",",CLASSIFICATION[[#This Row],[Keyword Aggr]],",",CLASSIFICATION[[#This Row],[Importance]]) -> Design,Application logic,Microservices,-4
C77: Regular Expressions | D77: Expressions | E77: -1 | F77: {=_xlfn.XLOOKUP(TRUE,A$2:A77<>"",A$2:A77,,,-1)} -> Design | G77: {=_xlfn.XLOOKUP(TRUE,B$2:B77<>"",B$2:B77,,,-1)} -> Application logic | H77: =IF(CLASSIFICATION[[#This Row],[Classification (Generalized keyword)]]="",CLASSIFICATION[[#This Row],[Keyword]],CLASSIFICATION[[#This Row],[Classification (Generalized keyword)]]) -> Expressions | I77: =_xlfn.CONCAT(CLASSIFICATION[[#This Row],[Project Stage Aggr]],",",CLASSIFICATION[[#This Row],[Functional Scope Aggr]],",",CLASSIFICATION[[#This Row],[Keyword]]) -> Design,Application logic,Regular Expressions | J77: =_xlfn.CONCAT(CLASSIFICATION[[#This Row],[Project Stage Aggr]],",",CLASSIFICATION[[#This Row],[Functional Scope Aggr]],",",CLASSIFICATION[[#This Row],[Keyword Aggr]]) -> Design,Application logic,Expressions | K77: =_xlfn.CONCAT(CLASSIFICATION[[#This Row],[Project Stage Aggr]],",",CLASSIFICATION[[#This Row],[Functional Scope Aggr]],",",CLASSIFICATION[[#This Row],[Keyword Aggr]],",",CLASSIFICATION[[#This Row],[Importance]]) -> Design,Application logic,Expressions,-1
C78: Sequence Flow | D78: UML | E78: -4 | F78: {=_xlfn.XLOOKUP(TRUE,A$2:A78<>"",A$2:A78,,,-1)} -> Design | G78: {=_xlfn.XLOOKUP(TRUE,B$2:B78<>"",B$2:B78,,,-1)} -> Application logic | H78: =IF(CLASSIFICATION[[#This Row],[Classification (Generalized keyword)]]="",CLASSIFICATION[[#This Row],[Keyword]],CLASSIFICATION[[#This Row],[Classification (Generalized keyword)]]) -> UML | I78: =_xlfn.CONCAT(CLASSIFICATION[[#This Row],[Project Stage Aggr]],",",CLASSIFICATION[[#This Row],[Functional Scope Aggr]],",",CLASSIFICATION[[#This Row],[Keyword]]) -> Design,Application logic,Sequence Flow | J78: =_xlfn.CONCAT(CLASSIFICATION[[#This Row],[Project Stage Aggr]],",",CLASSIFICATION[[#This Row],[Functional Scope Aggr]],",",CLASSIFICATION[[#This Row],[Keyword Aggr]]) -> Design,Application logic,UML | K78: =_xlfn.CONCAT(CLASSIFICATION[[#This Row],[Project Stage Aggr]],",",CLASSIFICATION[[#This Row],[Functional Scope Aggr]],",",CLASSIFICATION[[#This Row],[Keyword Aggr]],",",CLASSIFICATION[[#This Row],[Importance]]) -> Design,Application logic,UML,-4
C79: SQL/OQL | D79: SQL | E79: -4 | F79: {=_xlfn.XLOOKUP(TRUE,A$2:A79<>"",A$2:A79,,,-1)} -> Design | G79: {=_xlfn.XLOOKUP(TRUE,B$2:B79<>"",B$2:B79,,,-1)} -> Application logic | H79: =IF(CLASSIFICATION[[#This Row],[Classification (Generalized keyword)]]="",CLASSIFICATION[[#This Row],[Keyword]],CLASSIFICATION[[#This Row],[Classification (Generalized keyword)]]) -> SQL | I79: =_xlfn.CONCAT(CLASSIFICATION[[#This Row],[Project Stage Aggr]],",",CLASSIFICATION[[#This Row],[Functional Scope Aggr]],",",CLASSIFICATION[[#This Row],[Keyword]]) -> Design,Application logic,SQL/OQL | J79: =_xlfn.CONCAT(CLASSIFICATION[[#This Row],[Project Stage Aggr]],",",CLASSIFICATION[[#This Row],[Functional Scope Aggr]],",",CLASSIFICATION[[#This Row],[Keyword Aggr]]) -> Design,Application logic,SQL | K79: =_xlfn.CONCAT(CLASSIFICATION[[#This Row],[Project Stage Aggr]],",",CLASSIFICATION[[#This Row],[Functional Scope Aggr]],",",CLASSIFICATION[[#This Row],[Keyword Aggr]],",",CLASSIFICATION[[#This Row],[Importance]]) -> Design,Application logic,SQL,-4
C80: SQL | D80: SQL | E80: -4 | F80: {=_xlfn.XLOOKUP(TRUE,A$2:A80<>"",A$2:A80,,,-1)} -> Design | G80: {=_xlfn.XLOOKUP(TRUE,B$2:B80<>"",B$2:B80,,,-1)} -> Application logic | H80: =IF(CLASSIFICATION[[#This Row],[Classification (Generalized keyword)]]="",CLASSIFICATION[[#This Row],[Keyword]],CLASSIFICATION[[#This Row],[Classification (Generalized keyword)]]) -> SQL | I80: =_xlfn.CONCAT(CLASSIFICATION[[#This Row],[Project Stage Aggr]],",",CLASSIFICATION[[#This Row],[Functional Scope Aggr]],",",CLASSIFICATION[[#This Row],[Keyword]]) -> Design,Application logic,SQL | J80: =_xlfn.CONCAT(CLASSIFICATION[[#This Row],[Project Stage Aggr]],",",CLASSIFICATION[[#This Row],[Functional Scope Aggr]],",",CLASSIFICATION[[#This Row],[Keyword Aggr]]) -> Design,Application logic,SQL | K80: =_xlfn.CONCAT(CLASSIFICATION[[#This Row],[Project Stage Aggr]],",",CLASSIFICATION[[#This Row],[Functional Scope Aggr]],",",CLASSIFICATION[[#This Row],[Keyword Aggr]],",",CLASSIFICATION[[#This Row],[Importance]]) -> Design,Application logic,SQL,-4
C81: Variables | E81: -4 | F81: {=_xlfn.XLOOKUP(TRUE,A$2:A81<>"",A$2:A81,,,-1)} -> Design | G81: {=_xlfn.XLOOKUP(TRUE,B$2:B81<>"",B$2:B81,,,-1)} -> Application logic | H81: =IF(CLASSIFICATION[[#This Row],[Classification (Generalized keyword)]]="",CLASSIFICATION[[#This Row],[Keyword]],CLASSIFICATION[[#This Row],[Classification (Generalized keyword)]]) -> Variables | I81: =_xlfn.CONCAT(CLASSIFICATION[[#This Row],[Project Stage Aggr]],",",CLASSIFICATION[[#This Row],[Functional Scope Aggr]],",",CLASSIFICATION[[#This Row],[Keyword]]) -> Design,Application logic,Variables | J81: =_xlfn.CONCAT(CLASSIFICATION[[#This Row],[Project Stage Aggr]],",",CLASSIFICATION[[#This Row],[Functional Scope Aggr]],",",CLASSIFICATION[[#This Row],[Keyword Aggr]]) -> Design,Application logic,Variables | K81: =_xlfn.CONCAT(CLASSIFICATION[[#This Row],[Project Stage Aggr]],",",CLASSIFICATION[[#This Row],[Functional Scope Aggr]],",",CLASSIFICATION[[#This Row],[Keyword Aggr]],",",CLASSIFICATION[[#This Row],[Importance]]) -> Design,Application logic,Variables,-4
A82: Development | B82: Workflow design and development | C82: +BPMN Process Model | E82: 5 | F82: {=_xlfn.XLOOKUP(TRUE,A$2:A82<>"",A$2:A82,,,-1)} -> Development | G82: {=_xlfn.XLOOKUP(TRUE,B$2:B82<>"",B$2:B82,,,-1)} -> Workflow design and development | H82: =IF(CLASSIFICATION[[#This Row],[Classification (Generalized keyword)]]="",CLASSIFICATION[[#This Row],[Keyword]],CLASSIFICATION[[#This Row],[Classification (Generalized keyword)]]) -> +BPMN Process Model | I82: =_xlfn.CONCAT(CLASSIFICATION[[#This Row],[Project Stage Aggr]],",",CLASSIFICATION[[#This Row],[Functional Scope Aggr]],",",CLASSIFICATION[[#This Row],[Keyword]]) -> Development,Workflow design and development,+BPMN Process Model | J82: =_xlfn.CONCAT(CLASSIFICATION[[#This Row],[Project Stage Aggr]],",",CLASSIFICATION[[#This Row],[Functional Scope Aggr]],",",CLASSIFICATION[[#This Row],[Keyword Aggr]]) -> Development,Workflow design and development,+BPMN Process Model | K82: =_xlfn.CONCAT(CLASSIFICATION[[#This Row],[Project Stage Aggr]],",",CLASSIFICATION[[#This Row],[Functional Scope Aggr]],",",CLASSIFICATION[[#This Row],[Keyword Aggr]],",",CLASSIFICATION[[#This Row],[Importance]]) -> Development,Workflow design and development,+BPMN Process Model,5
C83: Conditional Expressions | D83: Expressions | E83: -1 | F83: {=_xlfn.XLOOKUP(TRUE,A$2:A83<>"",A$2:A83,,,-1)} -> Development | G83: {=_xlfn.XLOOKUP(TRUE,B$2:B83<>"",B$2:B83,,,-1)} -> Workflow design and development | H83: =IF(CLASSIFICATION[[#This Row],[Classification (Generalized keyword)]]="",CLASSIFICATION[[#This Row],[Keyword]],CLASSIFICATION[[#This Row],[Classification (Generalized keyword)]]) -> Expressions | I83: =_xlfn.CONCAT(CLASSIFICATION[[#This Row],[Project Stage Aggr]],",",CLASSIFICATION[[#This Row],[Functional Scope Aggr]],",",CLASSIFICATION[[#This Row],[Keyword]]) -> Development,Workflow design and development,Conditional Expressions | J83: =_xlfn.CONCAT(CLASSIFICATION[[#This Row],[Project Stage Aggr]],",",CLASSIFICATION[[#This Row],[Functional Scope Aggr]],",",CLASSIFICATION[[#This Row],[Keyword Aggr]]) -> Development,Workflow design and development,Expressions | K83: =_xlfn.CONCAT(CLASSIFICATION[[#This Row],[Project Stage Aggr]],",",CLASSIFICATION[[#This Row],[Functional Scope Aggr]],",",CLASSIFICATION[[#This Row],[Keyword Aggr]],",",CLASSIFICATION[[#This Row],[Importance]]) -> Development,Workflow design and development,Expressions,-1
C84: Custom Process Model | D84: Custom Process Model | E84: -4 | F84: {=_xlfn.XLOOKUP(TRUE,A$2:A84<>"",A$2:A84,,,-1)} -> Development | G84: {=_xlfn.XLOOKUP(TRUE,B$2:B84<>"",B$2:B84,,,-1)} -> Workflow design and development | H84: =IF(CLASSIFICATION[[#This Row],[Classification (Generalized keyword)]]="",CLASSIFICATION[[#This Row],[Keyword]],CLASSIFICATION[[#This Row],[Classification (Generalized keyword)]]) -> Custom Process Model | I84: =_xlfn.CONCAT(CLASSIFICATION[[#This Row],[Project Stage Aggr]],",",CLASSIFICATION[[#This Row],[Functional Scope Aggr]],",",CLASSIFICATION[[#This Row],[Keyword]]) -> Development,Workflow design and development,Custom Process Model | J84: =_xlfn.CONCAT(CLASSIFICATION[[#This Row],[Project Stage Aggr]],",",CLASSIFICATION[[#This Row],[Functional Scope Aggr]],",",CLASSIFICATION[[#This Row],[Keyword Aggr]]) -> Development,Workflow design and development,Custom Process Model | K84: =_xlfn.CONCAT(CLASSIFICATION[[#This Row],[Project Stage Aggr]],",",CLASSIFICATION[[#This Row],[Functional Scope Aggr]],",",CLASSIFICATION[[#This Row],[Keyword Aggr]],",",CLASSIFICATION[[#This Row],[Importance]]) -> Development,Workflow design and development,Custom Process Model,-4
C85: Custom Process Model (AppSheet Automation) | D85: Custom Process Model | E85: -4 | F85: {=_xlfn.XLOOKUP(TRUE,A$2:A85<>"",A$2:A85,,,-1)} -> Development | G85: {=_xlfn.XLOOKUP(TRUE,B$2:B85<>"",B$2:B85,,,-1)} -> Workflow design and development | H85: =IF(CLASSIFICATION[[#This Row],[Classification (Generalized keyword)]]="",CLASSIFICATION[[#This Row],[Keyword]],CLASSIFICATION[[#This Row],[Classification (Generalized keyword)]]) -> Custom Process Model | I85: =_xlfn.CONCAT(CLASSIFICATION[[#This Row],[Project Stage Aggr]],",",CLASSIFICATION[[#This Row],[Functional Scope Aggr]],",",CLASSIFICATION[[#This Row],[Keyword]]) -> Development,Workflow design and development,Custom Process Model (AppSheet Automation) | J85: =_xlfn.CONCAT(CLASSIFICATION[[#This Row],[Project Stage Aggr]],",",CLASSIFICATION[[#This Row],[Functional Scope Aggr]],",",CLASSIFICATION[[#This Row],[Keyword Aggr]]) -> Development,Workflow design and development,Custom Process Model | K85: =_xlfn.CONCAT(CLASSIFICATION[[#This Row],[Project Stage Aggr]],",",CLASSIFICATION[[#This Row],[Functional Scope Aggr]],",",CLASSIFICATION[[#This Row],[Keyword Aggr]],",",CLASSIFICATION[[#This Row],[Importance]]) -> Development,Workflow design and development,Custom Process Model,-4
C86: Custom Process Model (Business Process Flows) | D86: Custom Process Model | E86: -4 | F86: {=_xlfn.XLOOKUP(TRUE,A$2:A86<>"",A$2:A86,,,-1)} -> Development | G86: {=_xlfn.XLOOKUP(TRUE,B$2:B86<>"",B$2:B86,,,-1)} -> Workflow design and development | H86: =IF(CLASSIFICATION[[#This Row],[Classification (Generalized keyword)]]="",CLASSIFICATION[[#This Row],[Keyword]],CLASSIFICATION[[#This Row],[Classification (Generalized keyword)]]) -> Custom Process Model | I86: =_xlfn.CONCAT(CLASSIFICATION[[#This Row],[Project Stage Aggr]],",",CLASSIFICATION[[#This Row],[Functional Scope Aggr]],",",CLASSIFICATION[[#This Row],[Keyword]]) -> Development,Workflow design and development,Custom Process Model (Business Process Flows) | J86: =_xlfn.CONCAT(CLASSIFICATION[[#This Row],[Project Stage Aggr]],",",CLASSIFICATION[[#This Row],[Functional Scope Aggr]],",",CLASSIFICATION[[#This Row],[Keyword Aggr]]) -> Development,Workflow design and development,Custom Process Model | K86: =_xlfn.CONCAT(CLASSIFICATION[[#This Row],[Project Stage Aggr]],",",CLASSIFICATION[[#This Row],[Functional Scope Aggr]],",",CLASSIFICATION[[#This Row],[Keyword Aggr]],",",CLASSIFICATION[[#This Row],[Importance]]) -> Development,Workflow design and development,Custom Process Model,-4
C87: Events | E87: -3 | F87: {=_xlfn.XLOOKUP(TRUE,A$2:A87<>"",A$2:A87,,,-1)} -> Development | G87: {=_xlfn.XLOOKUP(TRUE,B$2:B87<>"",B$2:B87,,,-1)} -> Workflow design and development | H87: =IF(CLASSIFICATION[[#This Row],[Classification (Generalized keyword)]]="",CLASSIFICATION[[#This Row],[Keyword]],CLASSIFICATION[[#This Row],[Classification (Generalized keyword)]]) -> Events | I87: =_xlfn.CONCAT(CLASSIFICATION[[#This Row],[Project Stage Aggr]],",",CLASSIFICATION[[#This Row],[Functional Scope Aggr]],",",CLASSIFICATION[[#This Row],[Keyword]]) -> Development,Workflow design and development,Events | J87: =_xlfn.CONCAT(CLASSIFICATION[[#This Row],[Project Stage Aggr]],",",CLASSIFICATION[[#This Row],[Functional Scope Aggr]],",",CLASSIFICATION[[#This Row],[Keyword Aggr]]) -> Development,Workflow design and development,Events | K87: =_xlfn.CONCAT(CLASSIFICATION[[#This Row],[Project Stage Aggr]],",",CLASSIFICATION[[#This Row],[Functional Scope Aggr]],",",CLASSIFICATION[[#This Row],[Keyword Aggr]],",",CLASSIFICATION[[#This Row],[Importance]]) -> Development,Workflow design and development,Events,-3
C88: Java API | E88: -4 | F88: {=_xlfn.XLOOKUP(TRUE,A$2:A88<>"",A$2:A88,,,-1)} -> Development | G88: {=_xlfn.XLOOKUP(TRUE,B$2:B88<>"",B$2:B88,,,-1)} -> Workflow design and development | H88: =IF(CLASSIFICATION[[#This Row],[Classification (Generalized keyword)]]="",CLASSIFICATION[[#This Row],[Keyword]],CLASSIFICATION[[#This Row],[Classification (Generalized keyword)]]) -> Java API | I88: =_xlfn.CONCAT(CLASSIFICATION[[#This Row],[Project Stage Aggr]],",",CLASSIFICATION[[#This Row],[Functional Scope Aggr]],",",CLASSIFICATION[[#This Row],[Keyword]]) -> Development,Workflow design and development,Java API | J88: =_xlfn.CONCAT(CLASSIFICATION[[#This Row],[Project Stage Aggr]],",",CLASSIFICATION[[#This Row],[Functional Scope Aggr]],",",CLASSIFICATION[[#This Row],[Keyword Aggr]]) -> Development,Workflow design and development,Java API | K88: =_xlfn.CONCAT(CLASSIFICATION[[#This Row],[Project Stage Aggr]],",",CLASSIFICATION[[#This Row],[Functional Scope Aggr]],",",CLASSIFICATION[[#This Row],[Keyword Aggr]],",",CLASSIFICATION[[#This Row],[Importance]]) -> Development,Workflow design and development,Java API,-4
C89: JavaScript | E89: -4 | F89: {=_xlfn.XLOOKUP(TRUE,A$2:A89<>"",A$2:A89,,,-1)} -> Development | G89: {=_xlfn.XLOOKUP(TRUE,B$2:B89<>"",B$2:B89,,,-1)} -> Workflow design and development | H89: =IF(CLASSIFICATION[[#This Row],[Classification (Generalized keyword)]]="",CLASSIFICATION[[#This Row],[Keyword]],CLASSIFICATION[[#This Row],[Classification (Generalized keyword)]]) -> JavaScript | I89: =_xlfn.CONCAT(CLASSIFICATION[[#This Row],[Project Stage Aggr]],",",CLASSIFICATION[[#This Row],[Functional Scope Aggr]],",",CLASSIFICATION[[#This Row],[Keyword]]) -> Development,Workflow design and development,JavaScript | J89: =_xlfn.CONCAT(CLASSIFICATION[[#This Row],[Project Stage Aggr]],",",CLASSIFICATION[[#This Row],[Functional Scope Aggr]],",",CLASSIFICATION[[#This Row],[Keyword Aggr]]) -> Development,Workflow design and development,JavaScript | K89: =_xlfn.CONCAT(CLASSIFICATION[[#This Row],[Project Stage Aggr]],",",CLASSIFICATION[[#This Row],[Functional Scope Aggr]],",",CLASSIFICATION[[#This Row],[Keyword Aggr]],",",CLASSIFICATION[[#This Row],[Importance]]) -> Development,Workflow design and development,JavaScript,-4
C90: REST API | E90: -4 | F90: {=_xlfn.XLOOKUP(TRUE,A$2:A90<>"",A$2:A90,,,-1)} -> Development | G90: {=_xlfn.XLOOKUP(TRUE,B$2:B90<>"",B$2:B90,,,-1)} -> Workflow design and development | H90: =IF(CLASSIFICATION[[#This Row],[Classification (Generalized keyword)]]="",CLASSIFICATION[[#This Row],[Keyword]],CLASSIFICATION[[#This Row],[Classification (Generalized keyword)]]) -> REST API | I90: =_xlfn.CONCAT(CLASSIFICATION[[#This Row],[Project Stage Aggr]],",",CLASSIFICATION[[#This Row],[Functional Scope Aggr]],",",CLASSIFICATION[[#This Row],[Keyword]]) -> Development,Workflow design and development,REST API | J90: =_xlfn.CONCAT(CLASSIFICATION[[#This Row],[Project Stage Aggr]],",",CLASSIFICATION[[#This Row],[Functional Scope Aggr]],",",CLASSIFICATION[[#This Row],[Keyword Aggr]]) -> Development,Workflow design and development,REST API | K90: =_xlfn.CONCAT(CLASSIFICATION[[#This Row],[Project Stage Aggr]],",",CLASSIFICATION[[#This Row],[Functional Scope Aggr]],",",CLASSIFICATION[[#This Row],[Keyword Aggr]],",",CLASSIFICATION[[#This Row],[Importance]]) -> Development,Workflow design and development,REST API,-4
C91: Triggers | E91: -3 | F91: {=_xlfn.XLOOKUP(TRUE,A$2:A91<>"",A$2:A91,,,-1)} -> Development | G91: {=_xlfn.XLOOKUP(TRUE,B$2:B91<>"",B$2:B91,,,-1)} -> Workflow design and development | H91: =IF(CLASSIFICATION[[#This Row],[Classification (Generalized keyword)]]="",CLASSIFICATION[[#This Row],[Keyword]],CLASSIFICATION[[#This Row],[Classification (Generalized keyword)]]) -> Triggers | I91: =_xlfn.CONCAT(CLASSIFICATION[[#This Row],[Project Stage Aggr]],",",CLASSIFICATION[[#This Row],[Functional Scope Aggr]],",",CLASSIFICATION[[#This Row],[Keyword]]) -> Development,Workflow design and development,Triggers | J91: =_xlfn.CONCAT(CLASSIFICATION[[#This Row],[Project Stage Aggr]],",",CLASSIFICATION[[#This Row],[Functional Scope Aggr]],",",CLASSIFICATION[[#This Row],[Keyword Aggr]]) -> Development,Workflow design and development,Triggers | K91: =_xlfn.CONCAT(CLASSIFICATION[[#This Row],[Project Stage Aggr]],",",CLASSIFICATION[[#This Row],[Functional Scope Aggr]],",",CLASSIFICATION[[#This Row],[Keyword Aggr]],",",CLASSIFICATION[[#This Row],[Importance]]) -> Development,Workflow design and development,Triggers,-3
B92: Database design | C92: +Business Data Types | E92: 5 | F92: {=_xlfn.XLOOKUP(TRUE,A$2:A92<>"",A$2:A92,,,-1)} -> Development | G92: {=_xlfn.XLOOKUP(TRUE,B$2:B92<>"",B$2:B92,,,-1)} -> Database design | H92: =IF(CLASSIFICATION[[#This Row],[Classification (Generalized keyword)]]="",CLASSIFICATION[[#This Row],[Keyword]],CLASSIFICATION[[#This Row],[Classification (Generalized keyword)]]) -> +Business Data Types | I92: =_xlfn.CONCAT(CLASSIFICATION[[#This Row],[Project Stage Aggr]],",",CLASSIFICATION[[#This Row],[Functional Scope Aggr]],",",CLASSIFICATION[[#This Row],[Keyword]]) -> Development,Database design,+Business Data Types | J92: =_xlfn.CONCAT(CLASSIFICATION[[#This Row],[Project Stage Aggr]],",",CLASSIFICATION[[#This Row],[Functional Scope Aggr]],",",CLASSIFICATION[[#This Row],[Keyword Aggr]]) -> Development,Database design,+Business Data Types | K92: =_xlfn.CONCAT(CLASSIFICATION[[#This Row],[Project Stage Aggr]],",",CLASSIFICATION[[#This Row],[Functional Scope Aggr]],",",CLASSIFICATION[[#This Row],[Keyword Aggr]],",",CLASSIFICATION[[#This Row],[Importance]]) -> Development,Database design,+Business Data Types,5
C93: +Custom Database Model | E93: 4 | F93: {=_xlfn.XLOOKUP(TRUE,A$2:A93<>"",A$2:A93,,,-1)} -> Development | G93: {=_xlfn.XLOOKUP(TRUE,B$2:B93<>"",B$2:B93,,,-1)} -> Database design | H93: =IF(CLASSIFICATION[[#This Row],[Classification (Generalized keyword)]]="",CLASSIFICATION[[#This Row],[Keyword]],CLASSIFICATION[[#This Row],[Classification (Generalized keyword)]]) -> +Custom Database Model | I93: =_xlfn.CONCAT(CLASSIFICATION[[#This Row],[Project Stage Aggr]],",",CLASSIFICATION[[#This Row],[Functional Scope Aggr]],",",CLASSIFICATION[[#This Row],[Keyword]]) -> Development,Database design,+Custom Database Model | J93: =_xlfn.CONCAT(CLASSIFICATION[[#This Row],[Project Stage Aggr]],",",CLASSIFICATION[[#This Row],[Functional Scope Aggr]],",",CLASSIFICATION[[#This Row],[Keyword Aggr]]) -> Development,Database design,+Custom Database Model | K93: =_xlfn.CONCAT(CLASSIFICATION[[#This Row],[Project Stage Aggr]],",",CLASSIFICATION[[#This Row],[Functional Scope Aggr]],",",CLASSIFICATION[[#This Row],[Keyword Aggr]],",",CLASSIFICATION[[#This Row],[Importance]]) -> Development,Database design,+Custom Database Model,4
C94: +Lookup Column | D94: +References | E94: 4 | F94: {=_xlfn.XLOOKUP(TRUE,A$2:A94<>"",A$2:A94,,,-1)} -> Development | G94: {=_xlfn.XLOOKUP(TRUE,B$2:B94<>"",B$2:B94,,,-1)} -> Database design | H94: =IF(CLASSIFICATION[[#This Row],[Classification (Generalized keyword)]]="",CLASSIFICATION[[#This Row],[Keyword]],CLASSIFICATION[[#This Row],[Classification (Generalized keyword)]]) -> +References | I94: =_xlfn.CONCAT(CLASSIFICATION[[#This Row],[Project Stage Aggr]],",",CLASSIFICATION[[#This Row],[Functional Scope Aggr]],",",CLASSIFICATION[[#This Row],[Keyword]]) -> Development,Database design,+Lookup Column | J94: =_xlfn.CONCAT(CLASSIFICATION[[#This Row],[Project Stage Aggr]],",",CLASSIFICATION[[#This Row],[Functional Scope Aggr]],",",CLASSIFICATION[[#This Row],[Keyword Aggr]]) -> Development,Database design,+References | K94: =_xlfn.CONCAT(CLASSIFICATION[[#This Row],[Project Stage Aggr]],",",CLASSIFICATION[[#This Row],[Functional Scope Aggr]],",",CLASSIFICATION[[#This Row],[Keyword Aggr]],",",CLASSIFICATION[[#This Row],[Importance]]) -> Development,Database design,+References,4
C95: +Reference Column | D95: +References | E95: 4 | F95: {=_xlfn.XLOOKUP(TRUE,A$2:A95<>"",A$2:A95,,,-1)} -> Development | G95: {=_xlfn.XLOOKUP(TRUE,B$2:B95<>"",B$2:B95,,,-1)} -> Database design | H95: =IF(CLASSIFICATION[[#This Row],[Classification (Generalized keyword)]]="",CLASSIFICATION[[#This Row],[Keyword]],CLASSIFICATION[[#This Row],[Classification (Generalized keyword)]]) -> +References | I95: =_xlfn.CONCAT(CLASSIFICATION[[#This Row],[Project Stage Aggr]],",",CLASSIFICATION[[#This Row],[Functional Scope Aggr]],",",CLASSIFICATION[[#This Row],[Keyword]]) -> Development,Database design,+Reference Column | J95: =_xlfn.CONCAT(CLASSIFICATION[[#This Row],[Project Stage Aggr]],",",CLASSIFICATION[[#This Row],[Functional Scope Aggr]],",",CLASSIFICATION[[#This Row],[Keyword Aggr]]) -> Development,Database design,+References | K95: =_xlfn.CONCAT(CLASSIFICATION[[#This Row],[Project Stage Aggr]],",",CLASSIFICATION[[#This Row],[Functional Scope Aggr]],",",CLASSIFICATION[[#This Row],[Keyword Aggr]],",",CLASSIFICATION[[#This Row],[Importance]]) -> Development,Database design,+References,4
C96: +References | D96: +References | E96: 4 | F96: {=_xlfn.XLOOKUP(TRUE,A$2:A96<>"",A$2:A96,,,-1)} -> Development | G96: {=_xlfn.XLOOKUP(TRUE,B$2:B96<>"",B$2:B96,,,-1)} -> Database design | H96: =IF(CLASSIFICATION[[#This Row],[Classification (Generalized keyword)]]="",CLASSIFICATION[[#This Row],[Keyword]],CLASSIFICATION[[#This Row],[Classification (Generalized keyword)]]) -> +References | I96: =_xlfn.CONCAT(CLASSIFICATION[[#This Row],[Project Stage Aggr]],",",CLASSIFICATION[[#This Row],[Functional Scope Aggr]],",",CLASSIFICATION[[#This Row],[Keyword]]) -> Development,Database design,+References | J96: =_xlfn.CONCAT(CLASSIFICATION[[#This Row],[Project Stage Aggr]],",",CLASSIFICATION[[#This Row],[Functional Scope Aggr]],",",CLASSIFICATION[[#This Row],[Keyword Aggr]]) -> Development,Database design,+References | K96: =_xlfn.CONCAT(CLASSIFICATION[[#This Row],[Project Stage Aggr]],",",CLASSIFICATION[[#This Row],[Functional Scope Aggr]],",",CLASSIFICATION[[#This Row],[Keyword Aggr]],",",CLASSIFICATION[[#This Row],[Importance]]) -> Development,Database design,+References,4
C97: +Slices (Subset od data; columns and actions) | D97: +Slices | E97: 4 | F97: {=_xlfn.XLOOKUP(TRUE,A$2:A97<>"",A$2:A97,,,-1)} -> Development | G97: {=_xlfn.XLOOKUP(TRUE,B$2:B97<>"",B$2:B97,,,-1)} -> Database design | H97: =IF(CLASSIFICATION[[#This Row],[Classification (Generalized keyword)]]="",CLASSIFICATION[[#This Row],[Keyword]],CLASSIFICATION[[#This Row],[Classification (Generalized keyword)]]) -> +Slices | I97: =_xlfn.CONCAT(CLASSIFICATION[[#This Row],[Project Stage Aggr]],",",CLASSIFICATION[[#This Row],[Functional Scope Aggr]],",",CLASSIFICATION[[#This Row],[Keyword]]) -> Development,Database design,+Slices (Subset od data; columns and actions) | J97: =_xlfn.CONCAT(CLASSIFICATION[[#This Row],[Project Stage Aggr]],",",CLASSIFICATION[[#This Row],[Functional Scope Aggr]],",",CLASSIFICATION[[#This Row],[Keyword Aggr]]) -> Development,Database design,+Slices | K97: =_xlfn.CONCAT(CLASSIFICATION[[#This Row],[Project Stage Aggr]],",",CLASSIFICATION[[#This Row],[Functional Scope Aggr]],",",CLASSIFICATION[[#This Row],[Keyword Aggr]],",",CLASSIFICATION[[#This Row],[Importance]]) -> Development,Database design,+Slices,4
C98: Actions | E98: -3 | F98: {=_xlfn.XLOOKUP(TRUE,A$2:A98<>"",A$2:A98,,,-1)} -> Development | G98: {=_xlfn.XLOOKUP(TRUE,B$2:B98<>"",B$2:B98,,,-1)} -> Database design | H98: =IF(CLASSIFICATION[[#This Row],[Classification (Generalized keyword)]]="",CLASSIFICATION[[#This Row],[Keyword]],CLASSIFICATION[[#This Row],[Classification (Generalized keyword)]]) -> Actions | I98: =_xlfn.CONCAT(CLASSIFICATION[[#This Row],[Project Stage Aggr]],",",CLASSIFICATION[[#This Row],[Functional Scope Aggr]],",",CLASSIFICATION[[#This Row],[Keyword]]) -> Development,Database design,Actions | J98: =_xlfn.CONCAT(CLASSIFICATION[[#This Row],[Project Stage Aggr]],",",CLASSIFICATION[[#This Row],[Functional Scope Aggr]],",",CLASSIFICATION[[#This Row],[Keyword Aggr]]) -> Development,Database design,Actions | K98: =_xlfn.CONCAT(CLASSIFICATION[[#This Row],[Project Stage Aggr]],",",CLASSIFICATION[[#This Row],[Functional Scope Aggr]],",",CLASSIFICATION[[#This Row],[Keyword Aggr]],",",CLASSIFICATION[[#This Row],[Importance]]) -> Development,Database design,Actions,-3
C99: Conditional Expressions | D99: Expressions | E99: -1 | F99: {=_xlfn.XLOOKUP(TRUE,A$2:A99<>"",A$2:A99,,,-1)} -> Development | G99: {=_xlfn.XLOOKUP(TRUE,B$2:B99<>"",B$2:B99,,,-1)} -> Database design | H99: =IF(CLASSIFICATION[[#This Row],[Classification (Generalized keyword)]]="",CLASSIFICATION[[#This Row],[Keyword]],CLASSIFICATION[[#This Row],[Classification (Generalized keyword)]]) -> Expressions | I99: =_xlfn.CONCAT(CLASSIFICATION[[#This Row],[Project Stage Aggr]],",",CLASSIFICATION[[#This Row],[Functional Scope Aggr]],",",CLASSIFICATION[[#This Row],[Keyword]]) -> Development,Database design,Conditional Expressions | J99: =_xlfn.CONCAT(CLASSIFICATION[[#This Row],[Project Stage Aggr]],",",CLASSIFICATION[[#This Row],[Functional Scope Aggr]],",",CLASSIFICATION[[#This Row],[Keyword Aggr]]) -> Development,Database design,Expressions | K99: =_xlfn.CONCAT(CLASSIFICATION[[#This Row],[Project Stage Aggr]],",",CLASSIFICATION[[#This Row],[Functional Scope Aggr]],",",CLASSIFICATION[[#This Row],[Keyword Aggr]],",",CLASSIFICATION[[#This Row],[Importance]]) -> Development,Database design,Expressions,-1
C100: Denormalization | D100: Relational Database | E100: -4 | F100: {=_xlfn.XLOOKUP(TRUE,A$2:A100<>"",A$2:A100,,,-1)} -> Development | G100: {=_xlfn.XLOOKUP(TRUE,B$2:B100<>"",B$2:B100,,,-1)} -> Database design | H100: =IF(CLASSIFICATION[[#This Row],[Classification (Generalized keyword)]]="",CLASSIFICATION[[#This Row],[Keyword]],CLASSIFICATION[[#This Row],[Classification (Generalized keyword)]]) -> Relational Database | I100: =_xlfn.CONCAT(CLASSIFICATION[[#This Row],[Project Stage Aggr]],",",CLASSIFICATION[[#This Row],[Functional Scope Aggr]],",",CLASSIFICATION[[#This Row],[Keyword]]) -> Development,Database design,Denormalization | J100: =_xlfn.CONCAT(CLASSIFICATION[[#This Row],[Project Stage Aggr]],",",CLASSIFICATION[[#This Row],[Functional Scope Aggr]],",",CLASSIFICATION[[#This Row],[Keyword Aggr]]) -> Development,Database design,Relational Database | K100: =_xlfn.CONCAT(CLASSIFICATION[[#This Row],[Project Stage Aggr]],",",CLASSIFICATION[[#This Row],[Functional Scope Aggr]],",",CLASSIFICATION[[#This Row],[Keyword Aggr]],",",CLASSIFICATION[[#This Row],[Importance]]) -> Development,Database design,Relational Database,-4
...

Sheet TABELA
B1: | | C1: Design | H1: | | I1: Development | P1: | | Q1: Implementation | V1: |
B2: | | C2: Workflow model | D2: Database model | E2: UI model | F2: Validations | G2: Application logic | H2: | | I2: Workflow design and development | J2: Database design | K2: Fetching data | L2: GUI design and development | M2: Data validation development | N2: Actions design and development | O2: Programming | P2: | | Q2: Runtime server installation | R2: Database installation | S2: Client module installation | T2: Deployment | U2: Version control | V2: |
A3: Mendix | B3: | | C3: {=_xlfn.TOCOL(_xlfn.TEXTSPLIT(SUBSTITUTE(VLOOKUP(C$2,INDIRECT("'Platform review'!$C"&_xlfn.XMATCH($A3,'Platform review'!$A$1:$A$127)&":$E"&_xlfn.XMATCH($A3,'Platform review'!$A$1:$A$127)+19),3,FALSE),CHAR(34),""),", "))} -> +BPMN Process Model | D3: {=_xlfn.TOCOL(_xlfn.TEXTSPLIT(SUBSTITUTE(VLOOKUP(D$2,INDIRECT("'Platform review'!$C"&_xlfn.XMATCH($A3,'Platform review'!$A$1:$A$127)&":$E"&_xlfn.XMATCH($A3,'Platform review'!$A$1:$A$127)+19),3,FALSE),CHAR(34),""),", "))} -> Domain Model | E3: {=_xlfn.TOCOL(_xlfn.TEXTSPLIT(SUBSTITUTE(VLOOKUP(E$2,INDIRECT("'Platform review'!$C"&_xlfn.XMATCH($A3,'Platform review'!$A$1:$A$127)&":$E"&_xlfn.XMATCH($A3,'Platform review'!$A$1:$A$127)+19),3,FALSE),CHAR(34),""),", "))} -> Boolean Expressions | F3: {=_xlfn.TOCOL(_xlfn.TEXTSPLIT(SUBSTITUTE(VLOOKUP(F$2,INDIRECT("'Platform review'!$C"&_xlfn.XMATCH($A3,'Platform review'!$A$1:$A$127)&":$E"&_xlfn.XMATCH($A3,'Platform review'!$A$1:$A$127)+19),3,FALSE),CHAR(34),""),", "))} -> Transactions | G3: {=_xlfn.TOCOL(_xlfn.TEXTSPLIT(SUBSTITUTE(VLOOKUP(G$2,INDIRECT("'Platform review'!$C"&_xlfn.XMATCH($A3,'Platform review'!$A$1:$A$127)&":$E"&_xlfn.XMATCH($A3,'Platform review'!$A$1:$A$127)+19),3,FALSE),CHAR(34),""),", "))} -> Sequence Flow | H3: | | I3: {=_xlfn.TOCOL(_xlfn.TEXTSPLIT(SUBSTITUTE(VLOOKUP(I$2,INDIRECT("'Platform review'!$C"&_xlfn.XMATCH($A3,'Platform review'!$A$1:$A$127)&":$E"&_xlfn.XMATCH($A3,'Platform review'!$A$1:$A$127)+19),3,FALSE),CHAR(34),""),", "))} -> +BPMN Process Model | J3: {=_xlfn.TOCOL(_xlfn.TEXTSPLIT(SUBSTITUTE(VLOOKUP(J$2,INDIRECT("'Platform review'!$C"&_xlfn.XMATCH($A3,'Platform review'!$A$1:$A$127)&":$E"&_xlfn.XMATCH($A3,'Platform review'!$A$1:$A$127)+19),3,FALSE),CHAR(34),""),", "))} -> Denormalization | K3: {=_xlfn.TOCOL(_xlfn.TEXTSPLIT(SUBSTITUTE(VLOOKUP(K$2,INDIRECT("'Platform review'!$C"&_xlfn.XMATCH($A3,'Platform review'!$A$1:$A$127)&":$E"&_xlfn.XMATCH($A3,'Platform review'!$A$1:$A$127)+19),3,FALSE),CHAR(34),""),", "))} -> Xpath | L3: {=_xlfn.TOCOL(_xlfn.TEXTSPLIT(SUBSTITUTE(VLOOKUP(L$2,INDIRECT("'Platform review'!$C"&_xlfn.XMATCH($A3,'Platform review'!$A$1:$A$127)&":$E"&_xlfn.XMATCH($A3,'Platform review'!$A$1:$A$127)+19),3,FALSE),CHAR(34),""),", "))} -> HTML | M3: {=_xlfn.TOCOL(_xlfn.TEXTSPLIT(SUBSTITUTE(VLOOKUP(M$2,INDIRECT("'Platform review'!$C"&_xlfn.XMATCH($A3,'Platform review'!$A$1:$A$127)&":$E"&_xlfn.XMATCH($A3,'Platform review'!$A$1:$A$127)+19),3,FALSE),CHAR(34),""),", "))} -> Conditional Expressions | N3: {=_xlfn.TOCOL(_xlfn.TEXTSPLIT(SUBSTITUTE(VLOOKUP(N$2,INDIRECT("'Platform review'!$C"&_xlfn.XMATCH($A3,'Platform review'!$A$1:$A$127)&":$E"&_xlfn.XMATCH($A3,'Platform review'!$A$1:$A$127)+19),3,FALSE),CHAR(34),""),", "))} -> Java | O3: {=_xlfn.TOCOL(_xlfn.TEXTSPLIT(SUBSTITUTE(VLOOKUP(O$2,INDIRECT("'Platform review'!$C"&_xlfn.XMATCH($A3,'Platform review'!$A$1:$A$127)&":$E"&_xlfn.XMATCH($A3,'Platform review'!$A$1:$A$127)+19),3,FALSE),CHAR(34),""),", "))} -> Eclipse | P3: | | Q3: {=_xlfn.TOCOL(_xlfn.TEXTSPLIT(SUBSTITUTE(VLOOKUP(Q$2,INDIRECT("'Platform review'!$C"&_xlfn.XMATCH($A3,'Platform review'!$A$1:$A$127)&":$E"&_xlfn.XMATCH($A3,'Platform review'!$A$1:$A$127)+19),3,FALSE),CHAR(34),""),", "))} -> File Storage | R3: {=_xlfn.TOCOL(_xlfn.TEXTSPLIT(SUBSTITUTE(VLOOKUP(R$2,INDIRECT("'Platform review'!$C"&_xlfn.XMATCH($A3,'Platform review'!$A$1:$A$127)&":$E"&_xlfn.XMATCH($A3,'Platform review'!$A$1:$A$127)+19),3,FALSE),CHAR(34),""),", "))} -> Relational Database | S3: {=_xlfn.TOCOL(_xlfn.TEXTSPLIT(SUBSTITUTE(VLOOKUP(S$2,INDIRECT("'Platform review'!$C"&_xlfn.XMATCH($A3,'Platform review'!$A$1:$A$127)&":$E"&_xlfn.XMATCH($A3,'Platform review'!$A$1:$A$127)+19),3,FALSE),CHAR(34),""),", "))} -> HTTPS Server | T3: {=_xlfn.TOCOL(_xlfn.TEXTSPLIT(SUBSTITUTE(VLOOKUP(T$2,INDIRECT("'Platform review'!$C"&_xlfn.XMATCH($A3,'Platform review'!$A$1:$A$127)&":$E"&_xlfn.XMATCH($A3,'Platform review'!$A$1:$A$127)+19),3,FALSE),CHAR(34),""),", "))} -> Cloud Services | U3: {=_xlfn.TOCOL(_xlfn.TEXTSPLIT(SUBSTITUTE(VLOOKUP(U$2,INDIRECT("'Platform review'!$C"&_xlfn.XMATCH($A3,'Platform review'!$A$1:$A$127)&":$E"&_xlfn.XMATCH($A3,'Platform review'!$A$1:$A$127)+19),3,FALSE),CHAR(34),""),", "))} -> Git | V3: |
B4: | | D4: Data Structure | E4: Responsive Web Design | F4: JavaScript | G4: Activity Diagram | H4: | | I4: Events | J4: Relational Database | K4: OQL | L4: CSS | M4: Boolean Expressions | N4: JavaScript | O4: Java API | P4: | | Q4: Database Synchronization | R4: File Storage | S4: API | T4: CI/CD | U4: Code Repository Concept | V4: |
B5: | | D5: Entity Diagrams | E5: Data Types | F5: String Functions | G5: Control Structures | H5: | | I5: Triggers | J5: SQL | K5: SQL | L5: SASS (SCSS) | M5: Domain Model | N5: API | O5: Java | P5: | | Q5: REST API | T5: Docker | V5: |
B6: | | D6: Association | F6: Conditional Expressions | G6: Algorithms | H6: | | I6: Java API | K6: Odata | L6: Themes | O6: Emulators Andoid iOS | P6: | | Q6: SOAP | T6: Kubernetes | V6: |
B7: | | D7: One-to-Many | F7: Arithmetic Expressions | G7: Java | H7: | | O7: PWA | P7: | | Q7: WSDL | V7: |
B8: | | D8: Many-to-Many | F8: Boolean Expressions | G8: JavaScript | H8: | | O8: Native Mobile App | P8: | | Q8: Swagger | V8: |
B9: | | D9: Denormalization | F9: Enumerations | G9: SQL/OQL | H9: | | P9: | | Q9: Relational Database | V9: |
B10: | | D10: XPath | G10: Regular Expressions | H10: | | P10: | | Q10: Xpath | V10: |
B11: | | G11: Variables | H11: | | P11: | | Q11: OQL | V11: |
B12: | | G12: Data Types | H12: | | P12: | | Q12: Java | V12: |
B13: | | H13: | | P13: | | Q13: API | V13: |
B14: | | H14: | | P14: | | Q14: HTTPS Server | V14: |
B15: | | H15: | | P15: | | V15: |
B16: | | H16: | | P16: | | V16: |
B17: | | H17: | | P17: | | V17: |
B18: | | H18: | | P18: | | V18: |
B19: | | H19: | | P19: | | V19: |
B20: | | H20: | | P20: | | V20: |
A21: Outsystems | B21: | | C21: {=_xlfn.TOCOL(_xlfn.TEXTSPLIT(SUBSTITUTE(VLOOKUP(C$2,INDIRECT("'Platform review'!$C"&_xlfn.XMATCH($A21,'Platform review'!$A$1:$A$127)&":$E"&_xlfn.XMATCH($A21,'Platform review'!$A$1:$A$127)+19),3,FALSE),CHAR(34),""),", "))} -> Custom Process Model | D21: {=_xlfn.TOCOL(_xlfn.TEXTSPLIT(SUBSTITUTE(VLOOKUP(D$2,INDIRECT("'Platform review'!$C"&_xlfn.XMATCH($A21,'Platform review'!$A$1:$A$127)&":$E"&_xlfn.XMATCH($A21,'Platform review'!$A$1:$A$127)+19),3,FALSE),CHAR(34),""),", "))} -> Entity Relationships | E21: {=_xlfn.TOCOL(_xlfn.TEXTSPLIT(SUBSTITUTE(VLOOKUP(E$2,INDIRECT("'Platform review'!$C"&_xlfn.XMATCH($A21,'Platform review'!$A$1:$A$127)&":$E"&_xlfn.XMATCH($A21,'Platform review'!$A$1:$A$127)+19),3,FALSE),CHAR(34),""),", "))} -> +Screen Templates | F21: {=_xlfn.TOCOL(_xlfn.TEXTSPLIT(SUBSTITUTE(VLOOKUP(F$2,INDIRECT("'Platform review'!$C"&_xlfn.XMATCH($A21,'Platform review'!$A$1:$A$127)&":$E"&_xlfn.XMATCH($A21,'Platform review'!$A$1:$A$127)+19),3,FALSE),CHAR(34),""),", "))} -> Boolean expressions | G21: {=_xlfn.TOCOL(_xlfn.TEXTSPLIT(SUBSTITUTE(VLOOKUP(G$2,INDIRECT("'Platform review'!$C"&_xlfn.XMATCH($A21,'Platform review'!$A$1:$A$127)&":$E"&_xlfn.XMATCH($A21,'Platform review'!$A$1:$A$127)+19),3,FALSE),CHAR(34),""),", "))} -> +Graphical actions | H21: | | I21: {=_xlfn.TOCOL(_xlfn.TEXTSPLIT(SUBSTITUTE(VLOOKUP(I$2,INDIRECT("'Platform review'!$C"&_xlfn.XMATCH($A21,'Platform review'!$A$1:$A$127)&":$E"&_xlfn.XMATCH($A21,'Platform review'!$A$1:$A$127)+19),3,FALSE),CHAR(34),""),", "))} -> Custom Process Model | J21: {=_xlfn.TOCOL(_xlfn.TEXTSPLIT(SUBSTITUTE(VLOOKUP(J$2,INDIRECT("'Platform review'!$C"&_xlfn.XMATCH($A21,'Platform review'!$A$1:$A$127)&":$E"&_xlfn.XMATCH($A21,'Platform review'!$A$1:$A$127)+19),3,FALSE),CHAR(34),""),", "))} -> Relational Database | K21: {=_xlfn.TOCOL(_xlfn.TEXTSPLIT(SUBSTITUTE(VLOOKUP(K$2,INDIRECT("'Platform review'!$C"&_xlfn.XMATCH($A21,'Platform review'!$A$1:$A$127)&":$E"&_xlfn.XMATCH($A21,'Platform review'!$A$1:$A$127)+19),3,FALSE),CHAR(34),""),", "))} -> +Human Language | L21: {=_xlfn.TOCOL(_xlfn.TEXTSPLIT(SUBSTITUTE(VLOOKUP(L$2,INDIRECT("'Platform review'!$C"&_xlfn.XMATCH($A21,'Platform review'!$A$1:$A$127)&":$E"&_xlfn.XMATCH($A21,'Platform review'!$A$1:$A$127)+19),3,FALSE),CHAR(34),""),", "))} -> CSS | M21: {=_xlfn.TOCOL(_xlfn.TEXTSPLIT(SUBSTITUTE(VLOOKUP(M$2,INDIRECT("'Platform review'!$C"&_xlfn.XMATCH($A21,'Platform review'!$A$1:$A$127)&":$E"&_xlfn.XMATCH($A21,'Platform review'!$A$1:$A$127)+19),3,FALSE),CHAR(34),""),", "))} -> Conditional Expressions | N21: {=_xlfn.TOCOL(_xlfn.TEXTSPLIT(SUBSTITUTE(VLOOKUP(N$2,INDIRECT("'Platform review'!$C"&_xlfn.XMATCH($A21,'Platform review'!$A$1:$A$127)&":$E"&_xlfn.XMATCH($A21,'Platform review'!$A$1:$A$127)+19),3,FALSE),CHAR(34),""),", "))} -> +AI Assisted Development | O21: {=_xlfn.TOCOL(_xlfn.TEXTSPLIT(SUBSTITUTE(VLOOKUP(O$2,INDIRECT("'Platform review'!$C"&_xlfn.XMATCH($A21,'Platform review'!$A$1:$A$127)&":$E"&_xlfn.XMATCH($A21,'Platform review'!$A$1:$A$127)+19),3,FALSE),CHAR(34),""),", "))} -> .NET | P21: | | Q21: {=_xlfn.TOCOL(_xlfn.TEXTSPLIT(SUBSTITUTE(VLOOKUP(Q$2,INDIRECT("'Platform review'!$C"&_xlfn.XMATCH($A21,'Platform review'!$A$1:$A$127)&":$E"&_xlfn.XMATCH($A21,'Platform review'!$A$1:$A$127)+19),3,FALSE),CHAR(34),""),", "))} -> Deployment Controller Service | R21: {=_xlfn.TOCOL(_xlfn.TEXTSPLIT(SUBSTITUTE(VLOOKUP(R$2,INDIRECT("'Platform review'!$C"&_xlfn.XMATCH($A21,'Platform review'!$A$1:$A$127)&":$E"&_xlfn.XMATCH($A21,'Platform review'!$A$1:$A$127)+19),3,FALSE),CHAR(34),""),", "))} -> Relational Database | S21: {=_xlfn.TOCOL(_xlfn.TEXTSPLIT(SUBSTITUTE(VLOOKUP(S$2,INDIRECT("'Platform review'!$C"&_xlfn.XMATCH($A21,'Platform review'!$A$1:$A$127)&":$E"&_xlfn.XMATCH($A21,'Platform review'!$A$1:$A$127)+19),3,FALSE),CHAR(34),""),", "))} -> Binaries | T21: {=_xlfn.TOCOL(_xlfn.TEXTSPLIT(SUBSTITUTE(VLOOKUP(T$2,INDIRECT("'Platform review'!$C"&_xlfn.XMATCH($A21,'Platform review'!$A$1:$A$127)&":$E"&_xlfn.XMATCH($A21,'Platform review'!$A$1:$A$127)+19),3,FALSE),CHAR(34),""),", "))} -> Cloud Computing | U21: {=_xlfn.TOCOL(_xlfn.TEXTSPLIT(SUBSTITUTE(VLOOKUP(U$2,INDIRECT("'Platform review'!$C"&_xlfn.XMATCH($A21,'Platform review'!$A$1:$A$127)&":$E"&_xlfn.XMATCH($A21,'Platform review'!$A$1:$A$127)+19),3,FALSE),CHAR(34),""),", "))} -> Custom Version Control | V21: |
B22: | | D22: Entity Diagrams | E22: Reactive Web App | F22: Conditional Expressions | G22: Variables | H22: | | J22: SQL | K22: +GUI Queries | L22: Grid | M22: Boolean Expressions | N22: Expressions | O22: +Visual Programming | P22: | | Q22: Scheduler Service | R22: file storage | S22: .NET Framework | T22: CI/CD | V22: |
B23: | | D23: Primary Key | E23: +Business Data Types | H23: | | K23: SQL Queries | L23: Style Classes | M23: Data Fields | N23: JavaScript | O23: HTML DOM | P23: | | Q23: Compiler Service | T23: REST API | V23: |
B24: | | D24: Foreign Key | E24: Variables | H24: | | L24: Responsive Web Design | N24: REST API | O24: Iteration Statements | P24: | | Q24: Log Service | T24: SOAP | V24: |
B25: | | D25: One-to-One | E25: Boolean expressions | H25: | | L25: IT Data Types | N25: SOAP | O25: Conditional Expressions | P25: | | Q25: HTTPS Server | V25: |
B26: | | D26: One-to-Many | E26: Conditional Expressions | H26: | | L26: Responsive Breakpoints | P26: | | Q26: Shared Libraries | V26: |
B27: | | D27: Many-to-Many | H27: | | L27: Reactive Web App | P27: | | Q27: Load Balancing | V27: |
B28: | | D28: Indexes | H28: | | L28: Event Propagation | P28: | | V28: |
B29: | | D29: Data Types | H29: | | L29: Master Detail | P29: | | V29: |
B30: | | H30: | | L30: Programming Functions | P30: | | V30: |
B31: | | H31: | | L31: HTML | P31: | | V31: |
B32: | | H32: | | P32: | | V32: |
B33: | | H33: | | P33: | | V33: |
B34: | | H34: | | P34: | | V34: |
B35: | | H35: | | P35: | | V35: |
B36: | | H36: | | P36: | | V36: |
B37: | | H37: | | P37: | | V37: |
B38: | | H38: | | P38: | | V38: |
A39: Zoho Creator | B39: | | C39: {=_xlfn.TOCOL(_xlfn.TEXTSPLIT(SUBSTITUTE(VLOOKUP(C$2,INDIRECT("'Platform review'!$C"&_xlfn.XMATCH($A39,'Platform review'!$A$1:$A$127)&":$E"&_xlfn.XMATCH($A39,'Platform review'!$A$1:$A$127)+19),3,FALSE),CHAR(34),""),", "))} -> Custom Process Model | D39: {=_xlfn.TOCOL(_xlfn.TEXTSPLIT(SUBSTITUTE(VLOOKUP(D$2,INDIRECT("'Platform review'!$C"&_xlfn.XMATCH($A39,'Platform review'!$A$1:$A$127)&":$E"&_xlfn.XMATCH($A39,'Platform review'!$A$1:$A$127)+19),3,FALSE),CHAR(34),""),", "))} -> Entity Relationships | E39: {=_xlfn.TOCOL(_xlfn.TEXTSPLIT(SUBSTITUTE(VLOOKUP(E$2,INDIRECT("'Platform review'!$C"&_xlfn.XMATCH($A39,'Platform review'!$A$1:$A$127)&":$E"&_xlfn.XMATCH($A39,'Platform review'!$A$1:$A$127)+19),3,FALSE),CHAR(34),""),", "))} -> +Screen templates / Zoho - Pre-built Apps | F39: {=_xlfn.TOCOL(_xlfn.TEXTSPLIT(SUBSTITUTE(VLOOKUP(F$2,INDIRECT("'Platform review'!$C"&_xlfn.XMATCH($A39,'Platform review'!$A$1:$A$127)&":$E"&_xlfn.XMATCH($A39,'Platform review'!$A$1:$A$127)+19),3,FALSE),CHAR(34),""),", "))} -> Scripts (Deluge) | G39: {=_xlfn.TOCOL(_xlfn.TEXTSPLIT(SUBSTITUTE(VLOOKUP(G$2,INDIRECT("'Platform review'!$C"&_xlfn.XMATCH($A39,'Platform review'!$A$1:$A$127)&":$E"&_xlfn.XMATCH($A39,'Platform review'!$A$1:$A$127)+19),3,FALSE),CHAR(34),""),", "))} -> Microservices | H39: | | I39: {=_xlfn.TOCOL(_xlfn.TEXTSPLIT(SUBSTITUTE(VLOOKUP(I$2,INDIRECT("'Platform review'!$C"&_xlfn.XMATCH($A39,'Platform review'!$A$1:$A$127)&":$E"&_xlfn.XMATCH($A39,'Platform review'!$A$1:$A$127)+19),3,FALSE),CHAR(34),""),", "))} -> Custom Process Model | J39: {=_xlfn.TOCOL(_xlfn.TEXTSPLIT(SUBSTITUTE(VLOOKUP(J$2,INDIRECT("'Platform review'!$C"&_xlfn.XMATCH($A39,'Platform review'!$A$1:$A$127)&":$E"&_xlfn.XMATCH($A39,'Platform review'!$A$1:$A$127)+19),3,FALSE),CHAR(34),""),", "))} -> +Custom Database Model | K39: {=_xlfn.TOCOL(_xlfn.TEXTSPLIT(SUBSTITUTE(VLOOKUP(K$2,INDIRECT("'Platform review'!$C"&_xlfn.XMATCH($A39,'Platform review'!$A$1:$A$127)&":$E"&_xlfn.XMATCH($A39,'Platform review'!$A$1:$A$127)+19),3,FALSE),CHAR(34),""),", "))} -> REST API (Custom Connectors) | L39: {=_xlfn.TOCOL(_xlfn.TEXTSPLIT(SUBSTITUTE(VLOOKUP(L$2,INDIRECT("'Platform review'!$C"&_xlfn.XMATCH($A39,'Platform review'!$A$1:$A$127)&":$E"&_xlfn.XMATCH($A39,'Platform review'!$A$1:$A$127)+19),3,FALSE),CHAR(34),""),", "))} -> +WYSIWYG | M39: {=_xlfn.TOCOL(_xlfn.TEXTSPLIT(SUBSTITUTE(VLOOKUP(M$2,INDIRECT("'Platform review'!$C"&_xlfn.XMATCH($A39,'Platform review'!$A$1:$A$127)&":$E"&_xlfn.XMATCH($A39,'Platform review'!$A$1:$A$127)+19),3,FALSE),CHAR(34),""),", "))} -> Scripts (Deluge) | N39: {=_xlfn.TOCOL(_xlfn.TEXTSPLIT(SUBSTITUTE(VLOOKUP(N$2,INDIRECT("'Platform review'!$C"&_xlfn.XMATCH($A39,'Platform review'!$A$1:$A$127)&":$E"&_xlfn.XMATCH($A39,'Platform review'!$A$1:$A$127)+19),3,FALSE),CHAR(34),""),", "))} -> +Built-in Connectors | O39: {=_xlfn.TOCOL(_xlfn.TEXTSPLIT(SUBSTITUTE(VLOOKUP(O$2,INDIRECT("'Platform review'!$C"&_xlfn.XMATCH($A39,'Platform review'!$A$1:$A$127)&":$E"&_xlfn.XMATCH($A39,'Platform review'!$A$1:$A$127)+19),3,FALSE),CHAR(34),""),", "))} -> Scripts (Deluge) | P39: | | Q39: {=_xlfn.TOCOL(_xlfn.TEXTSPLIT(SUBSTITUTE(VLOOKUP(Q$2,INDIRECT("'Platform review'!$C"&_xlfn.XMATCH($A39,'Platform review'!$A$1:$A$127)&":$E"&_xlfn.XMATCH($A39,'Platform review'!$A$1:$A$127)+19),3,FALSE),CHAR(34),""),", "))} -> SAML Authentication | R39: {=_xlfn.TOCOL(_xlfn.TEXTSPLIT(SUBSTITUTE(VLOOKUP(R$2,INDIRECT("'Platform review'!$C"&_xlfn.XMATCH($A39,'Platform review'!$A$1:$A$127)&":$E"&_xlfn.XMATCH($A39,'Platform review'!$A$1:$A$127)+19),3,FALSE),CHAR(34),""),", "))} -> +Embedded Database (Postgres) | S39: {=_xlfn.TOCOL(_xlfn.TEXTSPLIT(SUBSTITUTE(VLOOKUP(S$2,INDIRECT("'Platform review'!$C"&_xlfn.XMATCH($A39,'Platform review'!$A$1:$A$127)&":$E"&_xlfn.XMATCH($A39,'Platform review'!$A$1:$A$127)+19),3,FALSE),CHAR(34),""),", "))} -> Binaries | T39: {=_xlfn.TOCOL(_xlfn.TEXTSPLIT(SUBSTITUTE(VLOOKUP(T$2,INDIRECT("'Platform review'!$C"&_xlfn.XMATCH($A39,'Platform review'!$A$1:$A$127)&":$E"&_xlfn.XMATCH($A39,'Platform review'!$A$1:$A$127)+19),3,FALSE),CHAR(34),""),", "))} -> Cloud Computing | U39: {=_xlfn.TOCOL(_xlfn.TEXTSPLIT(SUBSTITUTE(VLOOKUP(U$2,INDIRECT("'Platform review'!$C"&_xlfn.XMATCH($A39,'Platform review'!$A$1:$A$127)&":$E"&_xlfn.XMATCH($A39,'Platform review'!$A$1:$A$127)+19),3,FALSE),CHAR(34),""),", "))} -> Custom Version Control | V39: |
B40: | | D40: +Form-based Data | E40: +Business Data Types | F40: Boolean Expressions | G40: Variables | H40: | | J40: Entity Diagrams | K40: OAuth | L40: Snippets | M40: Boolean Expressions | N40: REST API | O40: Snippets (ZML) | P40: | | Q40: Email Server (SMTP) | R40: Relational Database | S40: URL Configuration | T40: On-Premise | V40: |
B41: | | D41: Entity Diagrams | E41: Variables | F41: Conditional Expressions | H41: | | J41: One-to-One | K41: URL | L41: Scripts | M41: Conditional Expressions | N41: Scripts (Deluge) | O41: HTML | P41: | | Q41: Proxy server | T41: Application IDE | V41: |
B42: | | D42: One-to-One | E42: Boolean Expressions | H42: | | J42: One-to-Many | K42: Cloud Services | L42: Variables | N42: Expressions | O42: IDE | P42: | | Q42: SSL Certificates | T42: Import/Export | V42: |
B43: | | D43: One-to-Many | E43: Conditional Expressions | H43: | | J43: Many-to-Many | K43: Local Storage | L43: IT Data Types | N43: Conditional Expressions | O43: Markup Language | P43: | | T43: Scripts | V43: |
B44: | | D44: Many-to-Many | H44: | | J44: +Business Data Types | K44: +Integrated Data Sources | L44: Programming Functions | O44: Boolean Expressions | P44: | | V44: |
B45: | | D45: +Business Data Types | H45: | | L45: HTML | O45: Iteration Statements | P45: | | V45: |
B46: | | H46: | | L46: +GUI Style Editor | O46: Conditional Expressions | P46: | | V46: |
B47: | | H47: | | P47: | | V47: |
B48: | | H48: | | P48: | | V48: |
B49: | | H49: | | P49: | | V49: |
B50: | | H50: | | P50: | | V50: |
B51: | | H51: | | P51: | | V51: |
B52: | | H52: | | P52: | | V52: |
B53: | | H53: | | P53: | | V53: |
B54: | | H54: | | P54: | | V54: |
B55: | | H55: | | P55: | | V55: |
B56: | | H56: | | P56: | | V56: |
A57: MS Power App | B57: | | C57: {=_xlfn.TOCOL(_xlfn.TEXTSPLIT(SUBSTITUTE(VLOOKUP(C$2,INDIRECT("'Platform review'!$C"&_xlfn.XMATCH($A57,'Platform review'!$A$1:$A$127)&":$E"&_xlfn.XMATCH($A57,'Platform review'!$A$1:$A$127)+19),3,FALSE),CHAR(34),""),", "))} -> Custom Process Model | D57: {=_xlfn.TOCOL(_xlfn.TEXTSPLIT(SUBSTITUTE(VLOOKUP(D$2,INDIRECT("'Platform review'!$C"&_xlfn.XMATCH($A57,'Platform review'!$A$1:$A$127)&":$E"&_xlfn.XMATCH($A57,'Platform review'!$A$1:$A$127)+19),3,FALSE),CHAR(34),""),", "))} -> Entity Relationships | E57: {=_xlfn.TOCOL(_xlfn.TEXTSPLIT(SUBSTITUTE(VLOOKUP(E$2,INDIRECT("'Platform review'!$C"&_xlfn.XMATCH($A57,'Platform review'!$A$1:$A$127)&":$E"&_xlfn.XMATCH($A57,'Platform review'!$A$1:$A$127)+19),3,FALSE),CHAR(34),""),", "))} -> Model-driven Apps | F57: {=_xlfn.TOCOL(_xlfn.TEXTSPLIT(SUBSTITUTE(VLOOKUP(F$2,INDIRECT("'Platform review'!$C"&_xlfn.XMATCH($A57,'Platform review'!$A$1:$A$127)&":$E"&_xlfn.XMATCH($A57,'Platform review'!$A$1:$A$127)+19),3,FALSE),CHAR(34),""),", "))} -> Boolean Expressions | G57: {=_xlfn.TOCOL(_xlfn.TEXTSPLIT(SUBSTITUTE(VLOOKUP(G$2,INDIRECT("'Platform review'!$C"&_xlfn.XMATCH($A57,'Platform review'!$A$1:$A$127)&":$E"&_xlfn.XMATCH($A57,'Platform review'!$A$1:$A$127)+19),3,FALSE),CHAR(34),""),", "))} -> Formulas | H57: | | I57: {=_xlfn.TOCOL(_xlfn.TEXTSPLIT(SUBSTITUTE(VLOOKUP(I$2,INDIRECT("'Platform review'!$C"&_xlfn.XMATCH($A57,'Platform review'!$A$1:$A$127)&":$E"&_xlfn.XMATCH($A57,'Platform review'!$A$1:$A$127)+19),3,FALSE),CHAR(34),""),", "))} -> Custom Process Model (Business Process Flows) | J57: {=_xlfn.TOCOL(_xlfn.TEXTSPLIT(SUBSTITUTE(VLOOKUP(J$2,INDIRECT("'Platform review'!$C"&_xlfn.XMATCH($A57,'Platform review'!$A$1:$A$127)&":$E"&_xlfn.XMATCH($A57,'Platform review'!$A$1:$A$127)+19),3,FALSE),CHAR(34),""),", "))} -> Web API (Microsoft Dataverse) | K57: {=_xlfn.TOCOL(_xlfn.TEXTSPLIT(SUBSTITUTE(VLOOKUP(K$2,INDIRECT("'Platform review'!$C"&_xlfn.XMATCH($A57,'Platform review'!$A$1:$A$127)&":$E"&_xlfn.XMATCH($A57,'Platform review'!$A$1:$A$127)+19),3,FALSE),CHAR(34),""),", "))} -> Web API (Microsoft Dataverse) | L57: {=_xlfn.TOCOL(_xlfn.TEXTSPLIT(SUBSTITUTE(VLOOKUP(L$2,INDIRECT("'Platform review'!$C"&_xlfn.XMATCH($A57,'Platform review'!$A$1:$A$127)&":$E"&_xlfn.XMATCH($A57,'Platform review'!$A$1:$A$127)+19),3,FALSE),CHAR(34),""),", "))} -> +AI Support (Copilot - Build apps through conversation) | M57: {=_xlfn.TOCOL(_xlfn.TEXTSPLIT(SUBSTITUTE(VLOOKUP(M$2,INDIRECT("'Platform review'!$C"&_xlfn.XMATCH($A57,'Platform review'!$A$1:$A$127)&":$E"&_xlfn.XMATCH($A57,'Platform review'!$A$1:$A$127)+19),3,FALSE),CHAR(34),""),", "))} -> Boolean Expressions | N57: {=_xlfn.TOCOL(_xlfn.TEXTSPLIT(SUBSTITUTE(VLOOKUP(N$2,INDIRECT("'Platform review'!$C"&_xlfn.XMATCH($A57,'Platform review'!$A$1:$A$127)&":$E"&_xlfn.XMATCH($A57,'Platform review'!$A$1:$A$127)+19),3,FALSE),CHAR(34),""),", "))} -> API | O57: {=_xlfn.TOCOL(_xlfn.TEXTSPLIT(SUBSTITUTE(VLOOKUP(O$2,INDIRECT("'Platform review'!$C"&_xlfn.XMATCH($A57,'Platform review'!$A$1:$A$127)&":$E"&_xlfn.XMATCH($A57,'Platform review'!$A$1:$A$127)+19),3,FALSE),CHAR(34),""),", "))} -> SDK | P57: | | Q57: {=_xlfn.TOCOL(_xlfn.TEXTSPLIT(SUBSTITUTE(VLOOKUP(Q$2,INDIRECT("'Platform review'!$C"&_xlfn.XMATCH($A57,'Platform review'!$A$1:$A$127)&":$E"&_xlfn.XMATCH($A57,'Platform review'!$A$1:$A$127)+19),3,FALSE),CHAR(34),""),", "))} -> +Cloud Based Environment | R57: {=_xlfn.TOCOL(_xlfn.TEXTSPLIT(SUBSTITUTE(VLOOKUP(R$2,INDIRECT("'Platform review'!$C"&_xlfn.XMATCH($A57,'Platform review'!$A$1:$A$127)&":$E"&_xlfn.XMATCH($A57,'Platform review'!$A$1:$A$127)+19),3,FALSE),CHAR(34),""),", "))} -> +Embedded Database (Microsoft Dataverse) | S57: {=_xlfn.TOCOL(_xlfn.TEXTSPLIT(SUBSTITUTE(VLOOKUP(S$2,INDIRECT("'Platform review'!$C"&_xlfn.XMATCH($A57,'Platform review'!$A$1:$A$127)&":$E"&_xlfn.XMATCH($A57,'Platform review'!$A$1:$A$127)+19),3,FALSE),CHAR(34),""),", "))} -> +Web Browser | T57: {=_xlfn.TOCOL(_xlfn.TEXTSPLIT(SUBSTITUTE(VLOOKUP(T$2,INDIRECT("'Platform review'!$C"&_xlfn.XMATCH($A57,'Platform review'!$A$1:$A$127)&":$E"&_xlfn.XMATCH($A57,'Platform review'!$A$1:$A$127)+19),3,FALSE),CHAR(34),""),", "))} -> On-premises Data Gateway | U57: {=_xlfn.TOCOL(_xlfn.TEXTSPLIT(SUBSTITUTE(VLOOKUP(U$2,INDIRECT("'Platform review'!$C"&_xlfn.XMATCH($A57,'Platform review'!$A$1:$A$127)&":$E"&_xlfn.XMATCH($A57,'Platform review'!$A$1:$A$127)+19),3,FALSE),CHAR(34),""),", "))} -> Git | V57: |
B58: | | D58: +Predefined Entities | E58: +Screen Templates / Sample Power Apps | F58: Conditional Expressions | G58: Variables | H58: | | J58: Types | K58: SDK | L58: +Templatized Formulas | M58: Conditional Expressions | N58: JavaScript | O58: .NET | P58: | | R58: Relational Database (MS SQL Server) | S58: +Mobile App | T58: +Software as a Service | U58: Code Repository Concept | V58: |
B59: | | D59: One-to-One | E59: Responsive Web Design | F59: +Business Rules (graphical) | G59: +Power Fx - an Open-source programming language for low-code | H59: | | J59: Functions | K59: .NET | L59: IT Data Types | M59: +Business Rules (graphical) | N59: Expressions | O59: Web API | P59: | | S59: Web Services | V59: |
B60: | | D60: One-to-Many | G60: +NLP | H60: | | J60: Actions | K60: SQL (Azure SQL Database) | L60: Programming Functions | N60: Conditional Expressions | O60: Entity Types | P60: | | V60: |
B61: | | D61: Many-to-Many | G61: Boolean Expressions | H61: | | J61: One-to-One | K61: Custom Query Language (Power Query M formula) | L61: XML | N61: Object Model | O61: Functions | P61: | | V61: |
B62: | | G62: Conditional Expressions | H62: | | J62: One-to-Many | K62: Formulas | L62: JavaScript | O62: Query Functions | P62: | | V62: |
B63: | | H63: | | J63: Many-to-Many | O63: Complex Types | P63: | | V63: |
B64: | | H64: | | J64: +Business Data Types | O64: EnumTypes | P64: | | V64: |
B65: | | H65: | | O65: Metadata | P65: | | V65: |
B66: | | H66: | | O66: TypeScript | P66: | | V66: |
B67: | | H67: | | O67: IDE (Visual Studio Code) | P67: | | V67: |
B68: | | H68: | | O68: node.js | P68: | | V68: |
B69: | | H69: | | O69: CLI (Microsoft Power Platform CLI) | P69: | | V69: |
B70: | | H70: | | O70: Boolean Expressions | P70: | | V70: |
B71: | | H71: | | O71: Iteration Statements | P71: | | V71: |
B72: | | H72: | | O72: Conditional Expressions | P72: | | V72: |
B73: | | H73: | | P73: | | V73: |
B74: | | H74: | | P74: | | V74: |
A75: Google AppSheet | B75: | | C75: {=_xlfn.TOCOL(_xlfn.TEXTSPLIT(SUBSTITUTE(VLOOKUP(C$2,INDIRECT("'Platform review'!$C"&_xlfn.XMATCH($A75,'Platform review'!$A$1:$A$127)&":$E"&_xlfn.XMATCH($A75,'Platform review'!$A$1:$A$127)+19),3,FALSE),CHAR(34),""),", "))} -> Custom Process Model | D75: {=_xlfn.TOCOL(_xlfn.TEXTSPLIT(SUBSTITUTE(VLOOKUP(D$2,INDIRECT("'Platform review'!$C"&_xlfn.XMATCH($A75,'Platform review'!$A$1:$A$127)&":$E"&_xlfn.XMATCH($A75,'Platform review'!$A$1:$A$127)+19),3,FALSE),CHAR(34),""),", "))} -> Entity Relationships | E75: {=_xlfn.TOCOL(_xlfn.TEXTSPLIT(SUBSTITUTE(VLOOKUP(E$2,INDIRECT("'Platform review'!$C"&_xlfn.XMATCH($A75,'Platform review'!$A$1:$A$127)&":$E"&_xlfn.XMATCH($A75,'Platform review'!$A$1:$A$127)+19),3,FALSE),CHAR(34),""),", "))} -> +App templates | F75: {=_xlfn.TOCOL(_xlfn.TEXTSPLIT(SUBSTITUTE(VLOOKUP(F$2,INDIRECT("'Platform review'!$C"&_xlfn.XMATCH($A75,'Platform review'!$A$1:$A$127)&":$E"&_xlfn.XMATCH($A75,'Platform review'!$A$1:$A$127)+19),3,FALSE),CHAR(34),""),", "))} -> Boolean Expressions | G75: {=_xlfn.TOCOL(_xlfn.TEXTSPLIT(SUBSTITUTE(VLOOKUP(G$2,INDIRECT("'Platform review'!$C"&_xlfn.XMATCH($A75,'Platform review'!$A$1:$A$127)&":$E"&_xlfn.XMATCH($A75,'Platform review'!$A$1:$A$127)+19),3,FALSE),CHAR(34),""),", "))} -> +Actions | H75: | | I75: {=_xlfn.TOCOL(_xlfn.TEXTSPLIT(SUBSTITUTE(VLOOKUP(I$2,INDIRECT("'Platform review'!$C"&_xlfn.XMATCH($A75,'Platform review'!$A$1:$A$127)&":$E"&_xlfn.XMATCH($A75,'Platform review'!$A$1:$A$127)+19),3,FALSE),CHAR(34),""),", "))} -> Custom Process Model (AppSheet Automation) | J75: {=_xlfn.TOCOL(_xlfn.TEXTSPLIT(SUBSTITUTE(VLOOKUP(J$2,INDIRECT("'Platform review'!$C"&_xlfn.XMATCH($A75,'Platform review'!$A$1:$A$127)&":$E"&_xlfn.XMATCH($A75,'Platform review'!$A$1:$A$127)+19),3,FALSE),CHAR(34),""),", "))} -> Relational Database Concept | K75: {=_xlfn.TOCOL(_xlfn.TEXTSPLIT(SUBSTITUTE(VLOOKUP(K$2,INDIRECT("'Platform review'!$C"&_xlfn.XMATCH($A75,'Platform review'!$A$1:$A$127)&":$E"&_xlfn.XMATCH($A75,'Platform review'!$A$1:$A$127)+19),3,FALSE),CHAR(34),""),", "))} -> Web API | L75: {=_xlfn.TOCOL(_xlfn.TEXTSPLIT(SUBSTITUTE(VLOOKUP(L$2,INDIRECT("'Platform review'!$C"&_xlfn.XMATCH($A75,'Platform review'!$A$1:$A$127)&":$E"&_xlfn.XMATCH($A75,'Platform review'!$A$1:$A$127)+19),3,FALSE),CHAR(34),""),", "))} -> +View Types | M75: {=_xlfn.TOCOL(_xlfn.TEXTSPLIT(SUBSTITUTE(VLOOKUP(M$2,INDIRECT("'Platform review'!$C"&_xlfn.XMATCH($A75,'Platform review'!$A$1:$A$127)&":$E"&_xlfn.XMATCH($A75,'Platform review'!$A$1:$A$127)+19),3,FALSE),CHAR(34),""),", "))} -> Boolean Expressions | N75: {=_xlfn.TOCOL(_xlfn.TEXTSPLIT(SUBSTITUTE(VLOOKUP(N$2,INDIRECT("'Platform review'!$C"&_xlfn.XMATCH($A75,'Platform review'!$A$1:$A$127)&":$E"&_xlfn.XMATCH($A75,'Platform review'!$A$1:$A$127)+19),3,FALSE),CHAR(34),""),", "))} -> +Automations | O75: {=_xlfn.TOCOL(_xlfn.TEXTSPLIT(SUBSTITUTE(VLOOKUP(O$2,INDIRECT("'Platform review'!$C"&_xlfn.XMATCH($A75,'Platform review'!$A$1:$A$127)&":$E"&_xlfn.XMATCH($A75,'Platform review'!$A$1:$A$127)+19),3,FALSE),CHAR(34),""),", "))} -> JavaScript | P75: | | Q75: {=_xlfn.TOCOL(_xlfn.TEXTSPLIT(SUBSTITUTE(VLOOKUP(Q$2,INDIRECT("'Platform review'!$C"&_xlfn.XMATCH($A75,'Platform review'!$A$1:$A$127)&":$E"&_xlfn.XMATCH($A75,'Platform review'!$A$1:$A$127)+19),3,FALSE),CHAR(34),""),", "))} -> +Cloud Based Environment | R75: {=_xlfn.TOCOL(_xlfn.TEXTSPLIT(SUBSTITUTE(VLOOKUP(R$2,INDIRECT("'Platform review'!$C"&_xlfn.XMATCH($A75,'Platform review'!$A$1:$A$127)&":$E"&_xlfn.XMATCH($A75,'Platform review'!$A$1:$A$127)+19),3,FALSE),CHAR(34),""),", "))} -> +Embedded Database (Spreadsheets) | S75: {=_xlfn.TOCOL(_xlfn.TEXTSPLIT(SUBSTITUTE(VLOOKUP(S$2,INDIRECT("'Platform review'!$C"&_xlfn.XMATCH($A75,'Platform review'!$A$1:$A$127)&":$E"&_xlfn.XMATCH($A75,'Platform review'!$A$1:$A$127)+19),3,FALSE),CHAR(34),""),", "))} -> +Web Browser | T75: {=_xlfn.TOCOL(_xlfn.TEXTSPLIT(SUBSTITUTE(VLOOKUP(T$2,INDIRECT("'Platform review'!$C"&_xlfn.XMATCH($A75,'Platform review'!$A$1:$A$127)&":$E"&_xlfn.XMATCH($A75,'Platform review'!$A$1:$A$127)+19),3,FALSE),CHAR(34),""),", "))} -> On-premises Data Gateway (Web Services) | U75: {=_xlfn.TOCOL(_xlfn.TEXTSPLIT(SUBSTITUTE(VLOOKUP(U$2,INDIRECT("'Platform review'!$C"&_xlfn.XMATCH($A75,'Platform review'!$A$1:$A$127)&":$E"&_xlfn.XMATCH($A75,'Platform review'!$A$1:$A$127)+19),3,FALSE),CHAR(34),""),", "))} -> Custom Version Control | V75: |
B76: | | D76: +Item-Detail | E76: +View Types | F76: Conditional Expressions | G76: Functions | H76: | | I76: REST API | J76: +Reference Column | K76: +Cloud-based Spreadsheets | L76: +UI Branding | M76: Conditional Expressions | N76: Expressions | O76: Web API (AppSheet API) | P76: | | Q76: Mobile App | R76: Relational database | S76: +Mobile App | T76: +Software as a Service | V76: |
B77: | | D77: +Lookup/Drop-down | E77: +UI Branding (no HTML/CSS) | F77: +Lookup/Drop-down Data Patterns | G77: Expressions | H77: | | I77: JavaScript | J77: +Lookup Column | K77: SQL Databases. JDBC | L77: +Conditional Formatting | M77: +Column Expressions | N77: Functions | O77: HTML | P77: | | R77: REST API | T77: +App Gallery | V77: |
B78: | | D78: Expressions | E78: Conditional Expressions | G78: Events | H78: | | I78: Conditional Expressions | J78: Keys | K78: Data Source Integration | L78: +Business Data Types | N78: Conditional Expressions | O78: JSON | P78: | | V78: |
B79: | | D79: Enumerations | E79: Expressions | G79: +Predefined Process Steps | H79: | | J79: Types | O79: XML | P79: | | V79: |
B80: | | D80: Data Types | E80: Functions | G80: +Predefined Tasks | H80: | | J80: Expressions (App Formula Expression; Initial Value Expression) | O80: Functions | P80: | | V80: |
B81: | | D81: Constraints | G81: Formulas | H81: | | J81: Functions (Deep Link) | O81: Boolean Expressions | P81: | | V81: |
B82: | | D82: Conditional Expressions | G82: Variables | H82: | | J82: +References | O82: Conditional Expressions | P82: | | V82: |
B83: | | G83: Boolean Expressions | H83: | | J83: +Slices (Subset od data; columns and actions) | O83: Expressions | P83: | | V83: |
B84: | | G84: Conditional Expressions | H84: | | J84: +Business Data Types | P84: | | V84: |
B85: | | H85: | | J85: Conditional Expressions | P85: | | V85: |
B86: | | H86: | | P86: | | V86: |
B87: | | H87: | | P87: | | V87: |
B88: | | H88: | | P88: | | V88: |
B89: | | H89: | | P89: | | V89: |
B90: | | H90: | | P90: | | V90: |
B91: | | H91: | | P91: | | V91: |
B92: | | H92: | | P92: | | V92: |
A93: Aurea | B93: | | C93: {=_xlfn.TOCOL(_xlfn.TEXTSPLIT(SUBSTITUTE(VLOOKUP(C$2,INDIRECT("'Platform review'!$C"&_xlfn.XMATCH($A93,'Platform review'!$A$1:$A$127)&":$E"&_xlfn.XMATCH($A93,'Platform review'!$A$1:$A$127)+19),3,FALSE),CHAR(34),""),", "))} -> +BPMN Process Model | D93: {=_xlfn.TOCOL(_xlfn.TEXTSPLIT(SUBSTITUTE(VLOOKUP(D$2,INDIRECT("'Platform review'!$C"&_xlfn.XMATCH($A93,'Platform review'!$A$1:$A$127)&":$E"&_xlfn.XMATCH($A93,'Platform review'!$A$1:$A$127)+19),3,FALSE),CHAR(34),""),", "))} -> Enumerations | E93: {=_xlfn.TOCOL(_xlfn.TEXTSPLIT(SUBSTITUTE(VLOOKUP(E$2,INDIRECT("'Platform review'!$C"&_xlfn.XMATCH($A93,'Platform review'!$A$1:$A$127)&":$E"&_xlfn.XMATCH($A93,'Platform review'!$A$1:$A$127)+19),3,FALSE),CHAR(34),""),", "))} -> +App templates (CUBBE) | F93: {=_xlfn.TOCOL(_xlfn.TEXTSPLIT(SUBSTITUTE(VLOOKUP(F$2,INDIRECT("'Platform review'!$C"&_xlfn.XMATCH($A93,'Platform review'!$A$1:$A$127)&":$E"&_xlfn.XMATCH($A93,'Platform review'!$A$1:$A$127)+19),3,FALSE),CHAR(34),""),", "))} -> +Business Rules (graphical) | G93: {=_xlfn.TOCOL(_xlfn.TEXTSPLIT(SUBSTITUTE(VLOOKUP(G$2,INDIRECT("'Platform review'!$C"&_xlfn.XMATCH($A93,'Platform review'!$A$1:$A$127)&":$E"&_xlfn.XMATCH($A93,'Platform review'!$A$1:$A$127)+19),3,FALSE),CHAR(34),""),", "))} -> +Actions | H93: | | I93: {=_xlfn.TOCOL(_xlfn.TEXTSPLIT(SUBSTITUTE(VLOOKUP(I$2,INDIRECT("'Platform review'!$C"&_xlfn.XMATCH($A93,'Platform review'!$A$1:$A$127)&":$E"&_xlfn.XMATCH($A93,'Platform review'!$A$1:$A$127)+19),3,FALSE),CHAR(34),""),", "))} -> +BPMN Process Model | J93: {=_xlfn.TOCOL(_xlfn.TEXTSPLIT(SUBSTITUTE(VLOOKUP(J$2,INDIRECT("'Platform review'!$C"&_xlfn.XMATCH($A93,'Platform review'!$A$1:$A$127)&":$E"&_xlfn.XMATCH($A93,'Platform review'!$A$1:$A$127)+19),3,FALSE),CHAR(34),""),", "))} -> Types | K93: {=_xlfn.TOCOL(_xlfn.TEXTSPLIT(SUBSTITUTE(VLOOKUP(K$2,INDIRECT("'Platform review'!$C"&_xlfn.XMATCH($A93,'Platform review'!$A$1:$A$127)&":$E"&_xlfn.XMATCH($A93,'Platform review'!$A$1:$A$127)+19),3,FALSE),CHAR(34),""),", "))} -> SQL | L93: {=_xlfn.TOCOL(_xlfn.TEXTSPLIT(SUBSTITUTE(VLOOKUP(L$2,INDIRECT("'Platform review'!$C"&_xlfn.XMATCH($A93,'Platform review'!$A$1:$A$127)&":$E"&_xlfn.XMATCH($A93,'Platform review'!$A$1:$A$127)+19),3,FALSE),CHAR(34),""),", "))} -> +Business Data Types | M93: {=_xlfn.TOCOL(_xlfn.TEXTSPLIT(SUBSTITUTE(VLOOKUP(M$2,INDIRECT("'Platform review'!$C"&_xlfn.XMATCH($A93,'Platform review'!$A$1:$A$127)&":$E"&_xlfn.XMATCH($A93,'Platform review'!$A$1:$A$127)+19),3,FALSE),CHAR(34),""),", "))} -> +Business Rules (graphical) | N93: {=_xlfn.TOCOL(_xlfn.TEXTSPLIT(SUBSTITUTE(VLOOKUP(N$2,INDIRECT("'Platform review'!$C"&_xlfn.XMATCH($A93,'Platform review'!$A$1:$A$127)&":$E"&_xlfn.XMATCH($A93,'Platform review'!$A$1:$A$127)+19),3,FALSE),CHAR(34),""),", "))} -> Expressions | O93: {=_xlfn.TOCOL(_xlfn.TEXTSPLIT(SUBSTITUTE(VLOOKUP(O$2,INDIRECT("'Platform review'!$C"&_xlfn.XMATCH($A93,'Platform review'!$A$1:$A$127)&":$E"&_xlfn.XMATCH($A93,'Platform review'!$A$1:$A$127)+19),3,FALSE),CHAR(34),""),", "))} -> JavaScript | P93: | | Q93: {=_xlfn.TOCOL(_xlfn.TEXTSPLIT(SUBSTITUTE(VLOOKUP(Q$2,INDIRECT("'Platform review'!$C"&_xlfn.XMATCH($A93,'Platform review'!$A$1:$A$127)&":$E"&_xlfn.XMATCH($A93,'Platform review'!$A$1:$A$127)+19),3,FALSE),CHAR(34),""),", "))} -> +Cloud Based Environment | R93: {=_xlfn.TOCOL(_xlfn.TEXTSPLIT(SUBSTITUTE(VLOOKUP(R$2,INDIRECT("'Platform review'!$C"&_xlfn.XMATCH($A93,'Platform review'!$A$1:$A$127)&":$E"&_xlfn.XMATCH($A93,'Platform review'!$A$1:$A$127)+19),3,FALSE),CHAR(34),""),", "))} -> +Embedded Database (Postgres or Oracle) | S93: {=_xlfn.TOCOL(_xlfn.TEXTSPLIT(SUBSTITUTE(VLOOKUP(S$2,INDIRECT("'Platform review'!$C"&_xlfn.XMATCH($A93,'Platform review'!$A$1:$A$127)&":$E"&_xlfn.XMATCH($A93,'Platform review'!$A$1:$A$127)+19),3,FALSE),CHAR(34),""),", "))} -> +Web Browser | T93: {=_xlfn.TOCOL(_xlfn.TEXTSPLIT(SUBSTITUTE(VLOOKUP(T$2,INDIRECT("'Platform review'!$C"&_xlfn.XMATCH($A93,'Platform review'!$A$1:$A$127)&":$E"&_xlfn.XMATCH($A93,'Platform review'!$A$1:$A$127)+19),3,FALSE),CHAR(34),""),", "))} -> +Software as a Service | U93: {=_xlfn.TOCOL(_xlfn.TEXTSPLIT(SUBSTITUTE(VLOOKUP(U$2,INDIRECT("'Platform review'!$C"&_xlfn.XMATCH($A93,'Platform review'!$A$1:$A$127)&":$E"&_xlfn.XMATCH($A93,'Platform review'!$A$1:$A$127)+19),3,FALSE),CHAR(34),""),", "))} -> Custom Version Control | V93: |
B94: | | D94: +Business Data Types | E94: +View Types | F94: Boolean Expressions | G94: Expressions | H94: | | J94: +References | K94: JDBC | L94: +GUI Style Editor | M94: Boolean expressions | N94: Conditional Expressions | O94: HTML | P94: | | Q94: Email Server (SMTP) | R94: Relational database | V94: |
B95: | | D95: XML/XPath | E95: +Business Data Types | F95: Conditional Expressions | G95: Events | H95: | | J95: +Business Data Types | K95: Data source integration | L95: +WYSIWYG | M95: Conditional Expressions | N95: API | O95: XML | P95: | | V95: |
B96: | | D96: +Form-based Data | E96: Conditional Expressions | F96: +Lookup/Drop-down Data Patterns (dictionaries and multi field groups) | G96: Variables | H96: | | K96: Formulas | L96: XML | M96: Data fields | N96: Scripts | O96: Boolean Expressions | P96: | | V96: |
B97: | | E97: Expressions | F97: Scripts (Groovy) | G97: Boolean Expressions | H97: | | M97: Scripts | O97: Conditional Expressions | P97: | | V97: |
B98: | | E98: Variables | G98: Conditional Expressions | H98: | | O98: Expressions | P98: | | V98: |
B99: | | G99: SQL | H99: | | P99: | | V99: |
B100: | | H100: | | P100: | | V100: |
...

Sheet TABELA_UNIQUE
A1: {=_xlfn.UNIQUE(CLASSIFICATION[[#All],[CONC generalized keywords]],FALSE,FALSE)} -> CONC generalized keywords | C1: ='Platform review'!B1 -> Project stage | D1: ='Platform review'!C1 -> Project tasks | E1: ='Platform review'!E1 -> Keywords | F1: Original keywords | G1: =C1 -> Project stage | H1: =D1 -> Project tasks | I1: =E1 -> Keywords | J1: ='Platform review'!A2 -> Mendix | K1: ='Platform review'!A23 -> Outsystems | L1: ='Platform review'!A44 -> Zoho Creator | M1: ='Platform review'!A65 -> MS Power App | N1: ='Platform review'!A86 -> Google AppSheet | O1: ='Platform review'!A107 -> Aurea | Q1: ='Platform review'!$A$2 -> Mendix | R1: ='Platform review'!$A$23 -> Outsystems | S1: ='Platform review'!$A$44 -> Zoho Creator | T1: ='Platform review'!$A$65 -> MS Power App | U1: ='Platform review'!$A$86 -> Google AppSheet | V1: ='Platform review'!$A$107 -> Aurea | X1: ='Platform review'!$A$2 -> Mendix | Y1: ='Platform review'!$A$23 -> Outsystems | Z1: ='Platform review'!$A$44 -> Zoho Creator | AA1: ='Platform review'!$A$65 -> MS Power App | AB1: ='Platform review'!$A$86 -> Google AppSheet | AC1: ='Platform review'!$A$107 -> Aurea
A2: Design,Workflow model,+BPMN Process Model | B2: . | C2: {=IF(_xlfn.CHOOSECOLS(_xlfn.TEXTSPLIT(A2,","), 1)<>_xlfn.CHOOSECOLS(_xlfn.TEXTSPLIT(A1,","), 1),_xlfn.TEXTSPLIT(A2,","),"")} -> Design | D2: Workflow model | E2: +BPMN Process Model | F2: {=_xlfn.TEXTJOIN(",",TRUE,_xlfn._xlws.FILTER(CLASSIFICATION[Keyword], ($E2=CLASSIFICATION[Keyword Aggr])*($D2=CLASSIFICATION[Functional Scope Aggr])))} -> +BPMN Process Model | G2: =IF(C2<>C1,C2,"") -> Design | H2: =IF(D2<>D1,D2,"") -> Workflow model | I2: =E2 -> +BPMN Process Model | J2: {=_xlfn.LET( _xlpm._platform_range, INDIRECT("'Platform review'!$C"&_xlfn.XMATCH(J$1,'Platform review'!$A$1:$A$127)&":$E"&_xlfn.XMATCH(J$1,'Platform review'!$A$1:$A$127)+19), _xlpm._original_keywords, _xlfn._xlws.FILTER(CLASSIFICATION[[Keyword]:[Keyword]], ($E2=CLASSIFICATION[[Keyword Aggr]:[Keyword Aggr]])*($D2=CLASSIFICATION[[Functional Scope Aggr]:[Functional Scope Aggr]])), _xlpm._platform_keywords, _xlfn.TEXTSPLIT(SUBSTITUTE(SUBSTITUTE(VLOOKUP($D2,_xlpm._platform_range,3,FALSE),"+"&CHAR(34),"+"),CHAR(34),""),", "), _xlpm._exists, SUMPRODUCT(--ISNUMBER(MATCH(_xlpm._platform_keywords,_xlpm._original_keywords,0)))>0, _xlfn.IFS(AND(_xlpm._exists,LEFT($E2,1)="+"),"+",_xlpm._exists,"*",NOT(_xlpm._exists),"") )} -> + | K2: {=_xlfn.LET( _xlpm._platform_range, INDIRECT("'Platform review'!$C"&_xlfn.XMATCH(K$1,'Platform review'!$A$1:$A$127)&":$E"&_xlfn.XMATCH(K$1,'Platform review'!$A$1:$A$127)+19), _xlpm._original_keywords, _xlfn._xlws.FILTER(CLASSIFICATION[[Keyword]:[Keyword]], ($E2=CLASSIFICATION[[Keyword Aggr]:[Keyword Aggr]])*($D2=CLASSIFICATION[[Functional Scope Aggr]:[Functional Scope Aggr]])), _xlpm._platform_keywords, _xlfn.TEXTSPLIT(SUBSTITUTE(SUBSTITUTE(VLOOKUP($D2,_xlpm._platform_range,3,FALSE),"+"&CHAR(34),"+"),CHAR(34),""),", "), _xlpm._exists, SUMPRODUCT(--ISNUMBER(MATCH(_xlpm._platform_keywords,_xlpm._original_keywords,0)))>0, _xlfn.IFS(AND(_xlpm._exists,LEFT($E2,1)="+"),"+",_xlpm._exists,"*",NOT(_xlpm._exists),"") )} | L2: {=_xlfn.LET( _xlpm._platform_range, INDIRECT("'Platform review'!$C"&_xlfn.XMATCH(L$1,'Platform review'!$A$1:$A$127)&":$E"&_xlfn.XMATCH(L$1,'Platform review'!$A$1:$A$127)+19), _xlpm._original_keywords, _xlfn._xlws.FILTER(CLASSIFICATION[[Keyword]:[Keyword]], ($E2=CLASSIFICATION[[Keyword Aggr]:[Keyword Aggr]])*($D2=CLASSIFICATION[[Functional Scope Aggr]:[Functional Scope Aggr]])), _xlpm._platform_keywords, _xlfn.TEXTSPLIT(SUBSTITUTE(SUBSTITUTE(VLOOKUP($D2,_xlpm._platform_range,3,FALSE),"+"&CHAR(34),"+"),CHAR(34),""),", "), _xlpm._exists, SUMPRODUCT(--ISNUMBER(MATCH(_xlpm._platform_keywords,_xlpm._original_keywords,0)))>0, _xlfn.IFS(AND(_xlpm._exists,LEFT($E2,1)="+"),"+",_xlpm._exists,"*",NOT(_xlpm._exists),"") )} | M2: {=_xlfn.LET( _xlpm._platform_range, INDIRECT("'Platform review'!$C"&_xlfn.XMATCH(M$1,'Platform review'!$A$1:$A$127)&":$E"&_xlfn.XMATCH(M$1,'Platform review'!$A$1:$A$127)+19), _xlpm._original_keywords, _xlfn._xlws.FILTER(CLASSIFICATION[[Keyword]:[Keyword]], ($E2=CLASSIFICATION[[Keyword Aggr]:[Keyword Aggr]])*($D2=CLASSIFICATION[[Functional Scope Aggr]:[Functional Scope Aggr]])), _xlpm._platform_keywords, _xlfn.TEXTSPLIT(SUBSTITUTE(SUBSTITUTE(VLOOKUP($D2,_xlpm._platform_range,3,FALSE),"+"&CHAR(34),"+"),CHAR(34),""),", "), _xlpm._exists, SUMPRODUCT(--ISNUMBER(MATCH(_xlpm._platform_keywords,_xlpm._original_keywords,0)))>0, _xlfn.IFS(AND(_xlpm._exists,LEFT($E2,1)="+"),"+",_xlpm._exists,"*",NOT(_xlpm._exists),"") )} | N2: {=_xlfn.LET( _xlpm._platform_range, INDIRECT("'Platform review'!$C"&_xlfn.XMATCH(N$1,'Platform review'!$A$1:$A$127)&":$E"&_xlfn.XMATCH(N$1,'Platform review'!$A$1:$A$127)+19), _xlpm._original_keywords, _xlfn._xlws.FILTER(CLASSIFICATION[[Keyword]:[Keyword]], ($E2=CLASSIFICATION[[Keyword Aggr]:[Keyword Aggr]])*($D2=CLASSIFICATION[[Functional Scope Aggr]:[Functional Scope Aggr]])), _xlpm._platform_keywords, _xlfn.TEXTSPLIT(SUBSTITUTE(SUBSTITUTE(VLOOKUP($D2,_xlpm._platform_range,3,FALSE),"+"&CHAR(34),"+"),CHAR(34),""),", "), _xlpm._exists, SUMPRODUCT(--ISNUMBER(MATCH(_xlpm._platform_keywords,_xlpm._original_keywords,0)))>0, _xlfn.IFS(AND(_xlpm._exists,LEFT($E2,1)="+"),"+",_xlpm._exists,"*",NOT(_xlpm._exists),"") )} | O2: {=_xlfn.LET( _xlpm._platform_range, INDIRECT("'Platform review'!$C"&_xlfn.XMATCH(O$1,'Platform review'!$A$1:$A$127)&":$E"&_xlfn.XMATCH(O$1,'Platform review'!$A$1:$A$127)+19), _xlpm._original_keywords, _xlfn._xlws.FILTER(CLASSIFICATION[[Keyword]:[Keyword]], ($E2=CLASSIFICATION[[Keyword Aggr]:[Keyword Aggr]])*($D2=CLASSIFICATION[[Functional Scope Aggr]:[Functional Scope Aggr]])), _xlpm._platform_keywords, _xlfn.TEXTSPLIT(SUBSTITUTE(SUBSTITUTE(VLOOKUP($D2,_xlpm._platform_range,3,FALSE),"+"&CHAR(34),"+"),CHAR(34),""),", "), _xlpm._exists, SUMPRODUCT(--ISNUMBER(MATCH(_xlpm._platform_keywords,_xlpm._original_keywords,0)))>0, _xlfn.IFS(AND(_xlpm._exists,LEFT($E2,1)="+"),"+",_xlpm._exists,"*",NOT(_xlpm._exists),"") )} -> + | Q2: {=_xlfn.LET( _xlpm._platform_range, INDIRECT("'Platform review'!$C"&_xlfn.XMATCH(J$1,'Platform review'!$A$1:$A$127)&":$E"&_xlfn.XMATCH(J$1,'Platform review'!$A$1:$A$127)+19), _xlpm._original_keywords, _xlfn._xlws.FILTER(CLASSIFICATION[[Keyword]:[Keyword]], ($E2=CLASSIFICATION[[Keyword Aggr]:[Keyword Aggr]])*($D2=CLASSIFICATION[[Functional Scope Aggr]:[Functional Scope Aggr]])), _xlpm._platform_keywords, _xlfn.TEXTSPLIT(SUBSTITUTE(SUBSTITUTE(VLOOKUP($D2,_xlpm._platform_range,3,FALSE),"+"&CHAR(34),"+"),CHAR(34),""),", "), _xlpm._exists, SUMPRODUCT(--ISNUMBER(MATCH(_xlpm._platform_keywords,_xlpm._original_keywords,0)))>0, _xlfn.IFS(_xlpm._exists,1,NOT(_xlpm._exists),"") )} -> 1 | R2: {=_xlfn.LET( _xlpm._platform_range, INDIRECT("'Platform review'!$C"&_xlfn.XMATCH(K$1,'Platform review'!$A$1:$A$127)&":$E"&_xlfn.XMATCH(K$1,'Platform review'!$A$1:$A$127)+19), _xlpm._original_keywords, _xlfn._xlws.FILTER(CLASSIFICATION[[Keyword]:[Keyword]], ($E2=CLASSIFICATION[[Keyword Aggr]:[Keyword Aggr]])*($D2=CLASSIFICATION[[Functional Scope Aggr]:[Functional Scope Aggr]])), _xlpm._platform_keywords, _xlfn.TEXTSPLIT(SUBSTITUTE(SUBSTITUTE(VLOOKUP($D2,_xlpm._platform_range,3,FALSE),"+"&CHAR(34),"+"),CHAR(34),""),", "), _xlpm._exists, SUMPRODUCT(--ISNUMBER(MATCH(_xlpm._platform_keywords,_xlpm._original_keywords,0)))>0, _xlfn.IFS(_xlpm._exists,1,NOT(_xlpm._exists),"") )} | S2: {=_xlfn.LET( _xlpm._platform_range, INDIRECT("'Platform review'!$C"&_xlfn.XMATCH(L$1,'Platform review'!$A$1:$A$127)&":$E"&_xlfn.XMATCH(L$1,'Platform review'!$A$1:$A$127)+19), _xlpm._original_keywords, _xlfn._xlws.FILTER(CLASSIFICATION[[Keyword]:[Keyword]], ($E2=CLASSIFICATION[[Keyword Aggr]:[Keyword Aggr]])*($D2=CLASSIFICATION[[Functional Scope Aggr]:[Functional Scope Aggr]])), _xlpm._platform_keywords, _xlfn.TEXTSPLIT(SUBSTITUTE(SUBSTITUTE(VLOOKUP($D2,_xlpm._platform_range,3,FALSE),"+"&CHAR(34),"+"),CHAR(34),""),", "), _xlpm._exists, SUMPRODUCT(--ISNUMBER(MATCH(_xlpm._platform_keywords,_xlpm._original_keywords,0)))>0, _xlfn.IFS(_xlpm._exists,1,NOT(_xlpm._exists),"") )} | T2: {=_xlfn.LET( _xlpm._platform_range, INDIRECT("'Platform review'!$C"&_xlfn.XMATCH(M$1,'Platform review'!$A$1:$A$127)&":$E"&_xlfn.XMATCH(M$1,'Platform review'!$A$1:$A$127)+19), _xlpm._original_keywords, _xlfn._xlws.FILTER(CLASSIFICATION[[Keyword]:[Keyword]], ($E2=CLASSIFICATION[[Keyword Aggr]:[Keyword Aggr]])*($D2=CLASSIFICATION[[Functional Scope Aggr]:[Functional Scope Aggr]])), _xlpm._platform_keywords, _xlfn.TEXTSPLIT(SUBSTITUTE(SUBSTITUTE(VLOOKUP($D2,_xlpm._platform_range,3,FALSE),"+"&CHAR(34),"+"),CHAR(34),""),", "), _xlpm._exists, SUMPRODUCT(--ISNUMBER(MATCH(_xlpm._platform_keywords,_xlpm._original_keywords,0)))>0, _xlfn.IFS(_xlpm._exists,1,NOT(_xlpm._exists),"") )} | U2: {=_xlfn.LET( _xlpm._platform_range, INDIRECT("'Platform review'!$C"&_xlfn.XMATCH(N$1,'Platform review'!$A$1:$A$127)&":$E"&_xlfn.XMATCH(N$1,'Platform review'!$A$1:$A$127)+19), _xlpm._original_keywords, _xlfn._xlws.FILTER(CLASSIFICATION[[Keyword]:[Keyword]], ($E2=CLASSIFICATION[[Keyword Aggr]:[Keyword Aggr]])*($D2=CLASSIFICATION[[Functional Scope Aggr]:[Functional Scope Aggr]])), _xlpm._platform_keywords, _xlfn.TEXTSPLIT(SUBSTITUTE(SUBSTITUTE(VLOOKUP($D2,_xlpm._platform_range,3,FALSE),"+"&CHAR(34),"+"),CHAR(34),""),", "), _xlpm._exists, SUMPRODUCT(--ISNUMBER(MATCH(_xlpm._platform_keywords,_xlpm._original_keywords,0)))>0, _xlfn.IFS(_xlpm._exists,1,NOT(_xlpm._exists),"") )} | V2: {=_xlfn.LET( _xlpm._platform_range, INDIRECT("'Platform review'!$C"&_xlfn.XMATCH(O$1,'Platform review'!$A$1:$A$127)&":$E"&_xlfn.XMATCH(O$1,'Platform review'!$A$1:$A$127)+19), _xlpm._original_keywords, _xlfn._xlws.FILTER(CLASSIFICATION[[Keyword]:[Keyword]], ($E2=CLASSIFICATION[[Keyword Aggr]:[Keyword Aggr]])*($D2=CLASSIFICATION[[Functional Scope Aggr]:[Functional Scope Aggr]])), _xlpm._platform_keywords, _xlfn.TEXTSPLIT(SUBSTITUTE(SUBSTITUTE(VLOOKUP($D2,_xlpm._platform_range,3,FALSE),"+"&CHAR(34),"+"),CHAR(34),""),", "), _xlpm._exists, SUMPRODUCT(--ISNUMBER(MATCH(_xlpm._platform_keywords,_xlpm._original_keywords,0)))>0, _xlfn.IFS(_xlpm._exists,1,NOT(_xlpm._exists),"") )} -> 1 | X2: =IF($H2<>"",COUNTIFS(J$2:J$500,"~*",$D$2:$D$500,$H2),"") -> 0 | Y2: =IF($H2<>"",COUNTIFS(K$2:K$500,"~*",$D$2:$D$500,$H2),"") -> 1 | Z2: =IF($H2<>"",COUNTIFS(L$2:L$500,"~*",$D$2:$D$500,$H2),"") -> 1 | AA2: =IF($H2<>"",COUNTIFS(M$2:M$500,"~*",$D$2:$D$500,$H2),"") -> 1 | AB2: =IF($H2<>"",COUNTIFS(N$2:N$500,"~*",$D$2:$D$500,$H2),"") -> 1 | AC2: =IF($H2<>"",COUNTIFS(O$2:O$500,"~*",$D$2:$D$500,$H2),"") -> 0
A3: Design,Workflow model,Custom Process Model | B3: . | C3: {=_xlfn.TEXTSPLIT(A3,",")} -> Design | D3: Workflow model | E3: Custom Process Model | F3: {=_xlfn.TEXTJOIN(",",TRUE,_xlfn._xlws.FILTER(CLASSIFICATION[Keyword], ($E3=CLASSIFICATION[Keyword Aggr])*($D3=CLASSIFICATION[Functional Scope Aggr])))} -> Custom Process Model | G3: =IF(C3<>C2,C3,"") | H3: =IF(D3<>D2,D3,"") | I3: =E3 -> Custom Process Model | J3: {=_xlfn.LET( _xlpm._platform_range, INDIRECT("'Platform review'!$C"&_xlfn.XMATCH(J$1,'Platform review'!$A$1:$A$127)&":$E"&_xlfn.XMATCH(J$1,'Platform review'!$A$1:$A$127)+19), _xlpm._original_keywords, _xlfn._xlws.FILTER(CLASSIFICATION[[Keyword]:[Keyword]], ($E3=CLASSIFICATION[[Keyword Aggr]:[Keyword Aggr]])*($D3=CLASSIFICATION[[Functional Scope Aggr]:[Functional Scope Aggr]])), _xlpm._platform_keywords, _xlfn.TEXTSPLIT(SUBSTITUTE(SUBSTITUTE(VLOOKUP($D3,_xlpm._platform_range,3,FALSE),"+"&CHAR(34),"+"),CHAR(34),""),", "), _xlpm._exists, SUMPRODUCT(--ISNUMBER(MATCH(_xlpm._platform_keywords,_xlpm._original_keywords,0)))>0, _xlfn.IFS(AND(_xlpm._exists,LEFT($E3,1)="+"),"+",_xlpm._exists,"*",NOT(_xlpm._exists),"") )} | K3: {=_xlfn.LET( _xlpm._platform_range, INDIRECT("'Platform review'!$C"&_xlfn.XMATCH(K$1,'Platform review'!$A$1:$A$127)&":$E"&_xlfn.XMATCH(K$1,'Platform review'!$A$1:$A$127)+19), _xlpm._original_keywords, _xlfn._xlws.FILTER(CLASSIFICATION[[Keyword]:[Keyword]], ($E3=CLASSIFICATION[[Keyword Aggr]:[Keyword Aggr]])*($D3=CLASSIFICATION[[Functional Scope Aggr]:[Functional Scope Aggr]])), _xlpm._platform_keywords, _xlfn.TEXTSPLIT(SUBSTITUTE(SUBSTITUTE(VLOOKUP($D3,_xlpm._platform_range,3,FALSE),"+"&CHAR(34),"+"),CHAR(34),""),", "), _xlpm._exists, SUMPRODUCT(--ISNUMBER(MATCH(_xlpm._platform_keywords,_xlpm._original_keywords,0)))>0, _xlfn.IFS(AND(_xlpm._exists,LEFT($E3,1)="+"),"+",_xlpm._exists,"*",NOT(_xlpm._exists),"") )} -> * | L3: {=_xlfn.LET( _xlpm._platform_range, INDIRECT("'Platform review'!$C"&_xlfn.XMATCH(L$1,'Platform review'!$A$1:$A$127)&":$E"&_xlfn.XMATCH(L$1,'Platform review'!$A$1:$A$127)+19), _xlpm._original_keywords, _xlfn._xlws.FILTER(CLASSIFICATION[[Keyword]:[Keyword]], ($E3=CLASSIFICATION[[Keyword Aggr]:[Keyword Aggr]])*($D3=CLASSIFICATION[[Functional Scope Aggr]:[Functional Scope Aggr]])), _xlpm._platform_keywords, _xlfn.TEXTSPLIT(SUBSTITUTE(SUBSTITUTE(VLOOKUP($D3,_xlpm._platform_range,3,FALSE),"+"&CHAR(34),"+"),CHAR(34),""),", "), _xlpm._exists, SUMPRODUCT(--ISNUMBER(MATCH(_xlpm._platform_keywords,_xlpm._original_keywords,0)))>0, _xlfn.IFS(AND(_xlpm._exists,LEFT($E3,1)="+"),"+",_xlpm._exists,"*",NOT(_xlpm._exists),"") )} -> * | M3: {=_xlfn.LET( _xlpm._platform_range, INDIRECT("'Platform review'!$C"&_xlfn.XMATCH(M$1,'Platform review'!$A$1:$A$127)&":$E"&_xlfn.XMATCH(M$1,'Platform review'!$A$1:$A$127)+19), _xlpm._original_keywords, _xlfn._xlws.FILTER(CLASSIFICATION[[Keyword]:[Keyword]], ($E3=CLASSIFICATION[[Keyword Aggr]:[Keyword Aggr]])*($D3=CLASSIFICATION[[Functional Scope Aggr]:[Functional Scope Aggr]])), _xlpm._platform_keywords, _xlfn.TEXTSPLIT(SUBSTITUTE(SUBSTITUTE(VLOOKUP($D3,_xlpm._platform_range,3,FALSE),"+"&CHAR(34),"+"),CHAR(34),""),", "), _xlpm._exists, SUMPRODUCT(--ISNUMBER(MATCH(_xlpm._platform_keywords,_xlpm._original_keywords,0)))>0, _xlfn.IFS(AND(_xlpm._exists,LEFT($E3,1)="+"),"+",_xlpm._exists,"*",NOT(_xlpm._exists),"") )} -> * | N3: {=_xlfn.LET( _xlpm._platform_range, INDIRECT("'Platform review'!$C"&_xlfn.XMATCH(N$1,'Platform review'!$A$1:$A$127)&":$E"&_xlfn.XMATCH(N$1,'Platform review'!$A$1:$A$127)+19), _xlpm._original_keywords, _xlfn._xlws.FILTER(CLASSIFICATION[[Keyword]:[Keyword]], ($E3=CLASSIFICATION[[Keyword Aggr]:[Keyword Aggr]])*($D3=CLASSIFICATION[[Functional Scope Aggr]:[Functional Scope Aggr]])), _xlpm._platform_keywords, _xlfn.TEXTSPLIT(SUBSTITUTE(SUBSTITUTE(VLOOKUP($D3,_xlpm._platform_range,3,FALSE),"+"&CHAR(34),"+"),CHAR(34),""),", "), _xlpm._exists, SUMPRODUCT(--ISNUMBER(MATCH(_xlpm._platform_keywords,_xlpm._original_keywords,0)))>0, _xlfn.IFS(AND(_xlpm._exists,LEFT($E3,1)="+"),"+",_xlpm._exists,"*",NOT(_xlpm._exists),"") )} -> * | O3: {=_xlfn.LET( _xlpm._platform_range, INDIRECT("'Platform review'!$C"&_xlfn.XMATCH(O$1,'Platform review'!$A$1:$A$127)&":$E"&_xlfn.XMATCH(O$1,'Platform review'!$A$1:$A$127)+19), _xlpm._original_keywords, _xlfn._xlws.FILTER(CLASSIFICATION[[Keyword]:[Keyword]], ($E3=CLASSIFICATION[[Keyword Aggr]:[Keyword Aggr]])*($D3=CLASSIFICATION[[Functional Scope Aggr]:[Functional Scope Aggr]])), _xlpm._platform_keywords, _xlfn.TEXTSPLIT(SUBSTITUTE(SUBSTITUTE(VLOOKUP($D3,_xlpm._platform_range,3,FALSE),"+"&CHAR(34),"+"),CHAR(34),""),", "), _xlpm._exists, SUMPRODUCT(--ISNUMBER(MATCH(_xlpm._platform_keywords,_xlpm._original_keywords,0)))>0, _xlfn.IFS(AND(_xlpm._exists,LEFT($E3,1)="+"),"+",_xlpm._exists,"*",NOT(_xlpm._exists),"") )} | Q3: {=_xlfn.LET( _xlpm._platform_range, INDIRECT("'Platform review'!$C"&_xlfn.XMATCH(J$1,'Platform review'!$A$1:$A$127)&":$E"&_xlfn.XMATCH(J$1,'Platform review'!$A$1:$A$127)+19), _xlpm._original_keywords, _xlfn._xlws.FILTER(CLASSIFICATION[[Keyword]:[Keyword]], ($E3=CLASSIFICATION[[Keyword Aggr]:[Keyword Aggr]])*($D3=CLASSIFICATION[[Functional Scope Aggr]:[Functional Scope Aggr]])), _xlpm._platform_keywords, _xlfn.TEXTSPLIT(SUBSTITUTE(SUBSTITUTE(VLOOKUP($D3,_xlpm._platform_range,3,FALSE),"+"&CHAR(34),"+"),CHAR(34),""),", "), _xlpm._exists, SUMPRODUCT(--ISNUMBER(MATCH(_xlpm._platform_keywords,_xlpm._original_keywords,0)))>0, _xlfn.IFS(_xlpm._exists,1,NOT(_xlpm._exists),"") )} | R3: {=_xlfn.LET( _xlpm._platform_range, INDIRECT("'Platform review'!$C"&_xlfn.XMATCH(K$1,'Platform review'!$A$1:$A$127)&":$E"&_xlfn.XMATCH(K$1,'Platform review'!$A$1:$A$127)+19), _xlpm._original_keywords, _xlfn._xlws.FILTER(CLASSIFICATION[[Keyword]:[Keyword]], ($E3=CLASSIFICATION[[Keyword Aggr]:[Keyword Aggr]])*($D3=CLASSIFICATION[[Functional Scope Aggr]:[Functional Scope Aggr]])), _xlpm._platform_keywords, _xlfn.TEXTSPLIT(SUBSTITUTE(SUBSTITUTE(VLOOKUP($D3,_xlpm._platform_range,3,FALSE),"+"&CHAR(34),"+"),CHAR(34),""),", "), _xlpm._exists, SUMPRODUCT(--ISNUMBER(MATCH(_xlpm._platform_keywords,_xlpm._original_keywords,0)))>0, _xlfn.IFS(_xlpm._exists,1,NOT(_xlpm._exists),"") )} -> 1 | S3: {=_xlfn.LET( _xlpm._platform_range, INDIRECT("'Platform review'!$C"&_xlfn.XMATCH(L$1,'Platform review'!$A$1:$A$127)&":$E"&_xlfn.XMATCH(L$1,'Platform review'!$A$1:$A$127)+19), _xlpm._original_keywords, _xlfn._xlws.FILTER(CLASSIFICATION[[Keyword]:[Keyword]], ($E3=CLASSIFICATION[[Keyword Aggr]:[Keyword Aggr]])*($D3=CLASSIFICATION[[Functional Scope Aggr]:[Functional Scope Aggr]])), _xlpm._platform_keywords, _xlfn.TEXTSPLIT(SUBSTITUTE(SUBSTITUTE(VLOOKUP($D3,_xlpm._platform_range,3,FALSE),"+"&CHAR(34),"+"),CHAR(34),""),", "), _xlpm._exists, SUMPRODUCT(--ISNUMBER(MATCH(_xlpm._platform_keywords,_xlpm._original_keywords,0)))>0, _xlfn.IFS(_xlpm._exists,1,NOT(_xlpm._exists),"") )} -> 1 | T3: {=_xlfn.LET( _xlpm._platform_range, INDIRECT("'Platform review'!$C"&_xlfn.XMATCH(M$1,'Platform review'!$A$1:$A$127)&":$E"&_xlfn.XMATCH(M$1,'Platform review'!$A$1:$A$127)+19), _xlpm._original_keywords, _xlfn._xlws.FILTER(CLASSIFICATION[[Keyword]:[Keyword]], ($E3=CLASSIFICATION[[Keyword Aggr]:[Keyword Aggr]])*($D3=CLASSIFICATION[[Functional Scope Aggr]:[Functional Scope Aggr]])), _xlpm._platform_keywords, _xlfn.TEXTSPLIT(SUBSTITUTE(SUBSTITUTE(VLOOKUP($D3,_xlpm._platform_range,3,FALSE),"+"&CHAR(34),"+"),CHAR(34),""),", "), _xlpm._exists, SUMPRODUCT(--ISNUMBER(MATCH(_xlpm._platform_keywords,_xlpm._original_keywords,0)))>0, _xlfn.IFS(_xlpm._exists,1,NOT(_xlpm._exists),"") )} -> 1 | U3: {=_xlfn.LET( _xlpm._platform_range, INDIRECT("'Platform review'!$C"&_xlfn.XMATCH(N$1,'Platform review'!$A$1:$A$127)&":$E"&_xlfn.XMATCH(N$1,'Platform review'!$A$1:$A$127)+19), _xlpm._original_keywords, _xlfn._xlws.FILTER(CLASSIFICATION[[Keyword]:[Keyword]], ($E3=CLASSIFICATION[[Keyword Aggr]:[Keyword Aggr]])*($D3=CLASSIFICATION[[Functional Scope Aggr]:[Functional Scope Aggr]])), _xlpm._platform_keywords, _xlfn.TEXTSPLIT(SUBSTITUTE(SUBSTITUTE(VLOOKUP($D3,_xlpm._platform_range,3,FALSE),"+"&CHAR(34),"+"),CHAR(34),""),", "), _xlpm._exists, SUMPRODUCT(--ISNUMBER(MATCH(_xlpm._platform_keywords,_xlpm._original_keywords,0)))>0, _xlfn.IFS(_xlpm._exists,1,NOT(_xlpm._exists),"") )} -> 1 | V3: {=_xlfn.LET( _xlpm._platform_range, INDIRECT("'Platform review'!$C"&_xlfn.XMATCH(O$1,'Platform review'!$A$1:$A$127)&":$E"&_xlfn.XMATCH(O$1,'Platform review'!$A$1:$A$127)+19), _xlpm._original_keywords, _xlfn._xlws.FILTER(CLASSIFICATION[[Keyword]:[Keyword]], ($E3=CLASSIFICATION[[Keyword Aggr]:[Keyword Aggr]])*($D3=CLASSIFICATION[[Functional Scope Aggr]:[Functional Scope Aggr]])), _xlpm._platform_keywords, _xlfn.TEXTSPLIT(SUBSTITUTE(SUBSTITUTE(VLOOKUP($D3,_xlpm._platform_range,3,FALSE),"+"&CHAR(34),"+"),CHAR(34),""),", "), _xlpm._exists, SUMPRODUCT(--ISNUMBER(MATCH(_xlpm._platform_keywords,_xlpm._original_keywords,0)))>0, _xlfn.IFS(_xlpm._exists,1,NOT(_xlpm._exists),"") )} | X3: =IF($H3<>"",COUNTIFS(J$2:J$500,"~*",$D$2:$D$500,$H3),"") | Y3: =IF($H3<>"",COUNTIFS(K$2:K$500,"~*",$D$2:$D$500,$H3),"") | Z3: =IF($H3<>"",COUNTIFS(L$2:L$500,"~*",$D$2:$D$500,$H3),"") | AA3: =IF($H3<>"",COUNTIFS(M$2:M$500,"~*",$D$2:$D$500,$H3),"") | AB3: =IF($H3<>"",COUNTIFS(N$2:N$500,"~*",$D$2:$D$500,$H3),"") | AC3: =IF($H3<>"",COUNTIFS(O$2:O$500,"~*",$D$2:$D$500,$H3),"")
A4: Design,Database model,+Business Data Types | B4: . | C4: {=_xlfn.TEXTSPLIT(A4,",")} -> Design | D4: Database model | E4: +Business Data Types | F4: {=_xlfn.TEXTJOIN(",",TRUE,_xlfn._xlws.FILTER(CLASSIFICATION[Keyword], ($E4=CLASSIFICATION[Keyword Aggr])*($D4=CLASSIFICATION[Functional Scope Aggr])))} -> +Business Data Types | G4: =IF(C4<>C3,C4,"") | H4: =IF(D4<>D3,D4,"") -> Database model | I4: =E4 -> +Business Data Types | J4: {=_xlfn.LET( _xlpm._platform_range, INDIRECT("'Platform review'!$C"&_xlfn.XMATCH(J$1,'Platform review'!$A$1:$A$127)&":$E"&_xlfn.XMATCH(J$1,'Platform review'!$A$1:$A$127)+19), _xlpm._original_keywords, _xlfn._xlws.FILTER(CLASSIFICATION[[Keyword]:[Keyword]], ($E4=CLASSIFICATION[[Keyword Aggr]:[Keyword Aggr]])*($D4=CLASSIFICATION[[Functional Scope Aggr]:[Functional Scope Aggr]])), _xlpm._platform_keywords, _xlfn.TEXTSPLIT(SUBSTITUTE(SUBSTITUTE(VLOOKUP($D4,_xlpm._platform_range,3,FALSE),"+"&CHAR(34),"+"),CHAR(34),""),", "), _xlpm._exists, SUMPRODUCT(--ISNUMBER(MATCH(_xlpm._platform_keywords,_xlpm._original_keywords,0)))>0, _xlfn.IFS(AND(_xlpm._exists,LEFT($E4,1)="+"),"+",_xlpm._exists,"*",NOT(_xlpm._exists),"") )} | K4: {=_xlfn.LET( _xlpm._platform_range, INDIRECT("'Platform review'!$C"&_xlfn.XMATCH(K$1,'Platform review'!$A$1:$A$127)&":$E"&_xlfn.XMATCH(K$1,'Platform review'!$A$1:$A$127)+19), _xlpm._original_keywords, _xlfn._xlws.FILTER(CLASSIFICATION[[Keyword]:[Keyword]], ($E4=CLASSIFICATION[[Keyword Aggr]:[Keyword Aggr]])*($D4=CLASSIFICATION[[Functional Scope Aggr]:[Functional Scope Aggr]])), _xlpm._platform_keywords, _xlfn.TEXTSPLIT(SUBSTITUTE(SUBSTITUTE(VLOOKUP($D4,_xlpm._platform_range,3,FALSE),"+"&CHAR(34),"+"),CHAR(34),""),", "), _xlpm._exists, SUMPRODUCT(--ISNUMBER(MATCH(_xlpm._platform_keywords,_xlpm._original_keywords,0)))>0, _xlfn.IFS(AND(_xlpm._exists,LEFT($E4,1)="+"),"+",_xlpm._exists,"*",NOT(_xlpm._exists),"") )} | L4: {=_xlfn.LET( _xlpm._platform_range, INDIRECT("'Platform review'!$C"&_xlfn.XMATCH(L$1,'Platform review'!$A$1:$A$127)&":$E"&_xlfn.XMATCH(L$1,'Platform review'!$A$1:$A$127)+19), _xlpm._original_keywords, _xlfn._xlws.FILTER(CLASSIFICATION[[Keyword]:[Keyword]], ($E4=CLASSIFICATION[[Keyword Aggr]:[Keyword Aggr]])*($D4=CLASSIFICATION[[Functional Scope Aggr]:[Functional Scope Aggr]])), _xlpm._platform_keywords, _xlfn.TEXTSPLIT(SUBSTITUTE(SUBSTITUTE(VLOOKUP($D4,_xlpm._platform_range,3,FALSE),"+"&CHAR(34),"+"),CHAR(34),""),", "), _xlpm._exists, SUMPRODUCT(--ISNUMBER(MATCH(_xlpm._platform_keywords,_xlpm._original_keywords,0)))>0, _xlfn.IFS(AND(_xlpm._exists,LEFT($E4,1)="+"),"+",_xlpm._exists,"*",NOT(_xlpm._exists),"") )} -> + | M4: {=_xlfn.LET( _xlpm._platform_range, INDIRECT("'Platform review'!$C"&_xlfn.XMATCH(M$1,'Platform review'!$A$1:$A$127)&":$E"&_xlfn.XMATCH(M$1,'Platform review'!$A$1:$A$127)+19), _xlpm._original_keywords, _xlfn._xlws.FILTER(CLASSIFICATION[[Keyword]:[Keyword]], ($E4=CLASSIFICATION[[Keyword Aggr]:[Keyword Aggr]])*($D4=CLASSIFICATION[[Functional Scope Aggr]:[Functional Scope Aggr]])), _xlpm._platform_keywords, _xlfn.TEXTSPLIT(SUBSTITUTE(SUBSTITUTE(VLOOKUP($D4,_xlpm._platform_range,3,FALSE),"+"&CHAR(34),"+"),CHAR(34),""),", "), _xlpm._exists, SUMPRODUCT(--ISNUMBER(MATCH(_xlpm._platform_keywords,_xlpm._original_keywords,0)))>0, _xlfn.IFS(AND(_xlpm._exists,LEFT($E4,1)="+"),"+",_xlpm._exists,"*",NOT(_xlpm._exists),"") )} | N4: {=_xlfn.LET( _xlpm._platform_range, INDIRECT("'Platform review'!$C"&_xlfn.XMATCH(N$1,'Platform review'!$A$1:$A$127)&":$E"&_xlfn.XMATCH(N$1,'Platform review'!$A$1:$A$127)+19), _xlpm._original_keywords, _xlfn._xlws.FILTER(CLASSIFICATION[[Keyword]:[Keyword]], ($E4=CLASSIFICATION[[Keyword Aggr]:[Keyword Aggr]])*($D4=CLASSIFICATION[[Functional Scope Aggr]:[Functional Scope Aggr]])), _xlpm._platform_keywords, _xlfn.TEXTSPLIT(SUBSTITUTE(SUBSTITUTE(VLOOKUP($D4,_xlpm._platform_range,3,FALSE),"+"&CHAR(34),"+"),CHAR(34),""),", "), _xlpm._exists, SUMPRODUCT(--ISNUMBER(MATCH(_xlpm._platform_keywords,_xlpm._original_keywords,0)))>0, _xlfn.IFS(AND(_xlpm._exists,LEFT($E4,1)="+"),"+",_xlpm._exists,"*",NOT(_xlpm._exists),"") )} | O4: {=_xlfn.LET( _xlpm._platform_range, INDIRECT("'Platform review'!$C"&_xlfn.XMATCH(O$1,'Platform review'!$A$1:$A$127)&":$E"&_xlfn.XMATCH(O$1,'Platform review'!$A$1:$A$127)+19), _xlpm._original_keywords, _xlfn._xlws.FILTER(CLASSIFICATION[[Keyword]:[Keyword]], ($E4=CLASSIFICATION[[Keyword Aggr]:[Keyword Aggr]])*($D4=CLASSIFICATION[[Functional Scope Aggr]:[Functional Scope Aggr]])), _xlpm._platform_keywords, _xlfn.TEXTSPLIT(SUBSTITUTE(SUBSTITUTE(VLOOKUP($D4,_xlpm._platform_range,3,FALSE),"+"&CHAR(34),"+"),CHAR(34),""),", "), _xlpm._exists, SUMPRODUCT(--ISNUMBER(MATCH(_xlpm._platform_keywords,_xlpm._original_keywords,0)))>0, _xlfn.IFS(AND(_xlpm._exists,LEFT($E4,1)="+"),"+",_xlpm._exists,"*",NOT(_xlpm._exists),"") )} -> + | Q4: {=_xlfn.LET( _xlpm._platform_range, INDIRECT("'Platform review'!$C"&_xlfn.XMATCH(J$1,'Platform review'!$A$1:$A$127)&":$E"&_xlfn.XMATCH(J$1,'Platform review'!$A$1:$A$127)+19), _xlpm._original_keywords, _xlfn._xlws.FILTER(CLASSIFICATION[[Keyword]:[Keyword]], ($E4=CLASSIFICATION[[Keyword Aggr]:[Keyword Aggr]])*($D4=CLASSIFICATION[[Functional Scope Aggr]:[Functional Scope Aggr]])), _xlpm._platform_keywords, _xlfn.TEXTSPLIT(SUBSTITUTE(SUBSTITUTE(VLOOKUP($D4,_xlpm._platform_range,3,FALSE),"+"&CHAR(34),"+"),CHAR(34),""),", "), _xlpm._exists, SUMPRODUCT(--ISNUMBER(MATCH(_xlpm._platform_keywords,_xlpm._original_keywords,0)))>0, _xlfn.IFS(_xlpm._exists,1,NOT(_xlpm._exists),"") )} | R4: {=_xlfn.LET( _xlpm._platform_range, INDIRECT("'Platform review'!$C"&_xlfn.XMATCH(K$1,'Platform review'!$A$1:$A$127)&":$E"&_xlfn.XMATCH(K$1,'Platform review'!$A$1:$A$127)+19), _xlpm._original_keywords, _xlfn._xlws.FILTER(CLASSIFICATION[[Keyword]:[Keyword]], ($E4=CLASSIFICATION[[Keyword Aggr]:[Keyword Aggr]])*($D4=CLASSIFICATION[[Functional Scope Aggr]:[Functional Scope Aggr]])), _xlpm._platform_keywords, _xlfn.TEXTSPLIT(SUBSTITUTE(SUBSTITUTE(VLOOKUP($D4,_xlpm._platform_range,3,FALSE),"+"&CHAR(34),"+"),CHAR(34),""),", "), _xlpm._exists, SUMPRODUCT(--ISNUMBER(MATCH(_xlpm._platform_keywords,_xlpm._original_keywords,0)))>0, _xlfn.IFS(_xlpm._exists,1,NOT(_xlpm._exists),"") )} | S4: {=_xlfn.LET( _xlpm._platform_range, INDIRECT("'Platform review'!$C"&_xlfn.XMATCH(L$1,'Platform review'!$A$1:$A$127)&":$E"&_xlfn.XMATCH(L$1,'Platform review'!$A$1:$A$127)+19), _xlpm._original_keywords, _xlfn._xlws.FILTER(CLASSIFICATION[[Keyword]:[Keyword]], ($E4=CLASSIFICATION[[Keyword Aggr]:[Keyword Aggr]])*($D4=CLASSIFICATION[[Functional Scope Aggr]:[Functional Scope Aggr]])), _xlpm._platform_keywords, _xlfn.TEXTSPLIT(SUBSTITUTE(SUBSTITUTE(VLOOKUP($D4,_xlpm._platform_range,3,FALSE),"+"&CHAR(34),"+"),CHAR(34),""),", "), _xlpm._exists, SUMPRODUCT(--ISNUMBER(MATCH(_xlpm._platform_keywords,_xlpm._original_keywords,0)))>0, _xlfn.IFS(_xlpm._exists,1,NOT(_xlpm._exists),"") )} -> 1 | T4: {=_xlfn.LET( _xlpm._platform_range, INDIRECT("'Platform review'!$C"&_xlfn.XMATCH(M$1,'Platform review'!$A$1:$A$127)&":$E"&_xlfn.XMATCH(M$1,'Platform review'!$A$1:$A$127)+19), _xlpm._original_keywords, _xlfn._xlws.FILTER(CLASSIFICATION[[Keyword]:[Keyword]], ($E4=CLASSIFICATION[[Keyword Aggr]:[Keyword Aggr]])*($D4=CLASSIFICATION[[Functional Scope Aggr]:[Functional Scope Aggr]])), _xlpm._platform_keywords, _xlfn.TEXTSPLIT(SUBSTITUTE(SUBSTITUTE(VLOOKUP($D4,_xlpm._platform_range,3,FALSE),"+"&CHAR(34),"+"),CHAR(34),""),", "), _xlpm._exists, SUMPRODUCT(--ISNUMBER(MATCH(_xlpm._platform_keywords,_xlpm._original_keywords,0)))>0, _xlfn.IFS(_xlpm._exists,1,NOT(_xlpm._exists),"") )} | U4: {=_xlfn.LET( _xlpm._platform_range, INDIRECT("'Platform review'!$C"&_xlfn.XMATCH(N$1,'Platform review'!$A$1:$A$127)&":$E"&_xlfn.XMATCH(N$1,'Platform review'!$A$1:$A$127)+19), _xlpm._original_keywords, _xlfn._xlws.FILTER(CLASSIFICATION[[Keyword]:[Keyword]], ($E4=CLASSIFICATION[[Keyword Aggr]:[Keyword Aggr]])*($D4=CLASSIFICATION[[Functional Scope Aggr]:[Functional Scope Aggr]])), _xlpm._platform_keywords, _xlfn.TEXTSPLIT(SUBSTITUTE(SUBSTITUTE(VLOOKUP($D4,_xlpm._platform_range,3,FALSE),"+"&CHAR(34),"+"),CHAR(34),""),", "), _xlpm._exists, SUMPRODUCT(--ISNUMBER(MATCH(_xlpm._platform_keywords,_xlpm._original_keywords,0)))>0, _xlfn.IFS(_xlpm._exists,1,NOT(_xlpm._exists),"") )} | V4: {=_xlfn.LET( _xlpm._platform_range, INDIRECT("'Platform review'!$C"&_xlfn.XMATCH(O$1,'Platform review'!$A$1:$A$127)&":$E"&_xlfn.XMATCH(O$1,'Platform review'!$A$1:$A$127)+19), _xlpm._original_keywords, _xlfn._xlws.FILTER(CLASSIFICATION[[Keyword]:[Keyword]], ($E4=CLASSIFICATION[[Keyword Aggr]:[Keyword Aggr]])*($D4=CLASSIFICATION[[Functional Scope Aggr]:[Functional Scope Aggr]])), _xlpm._platform_keywords, _xlfn.TEXTSPLIT(SUBSTITUTE(SUBSTITUTE(VLOOKUP($D4,_xlpm._platform_range,3,FALSE),"+"&CHAR(34),"+"),CHAR(34),""),", "), _xlpm._exists, SUMPRODUCT(--ISNUMBER(MATCH(_xlpm._platform_keywords,_xlpm._original_keywords,0)))>0, _xlfn.IFS(_xlpm._exists,1,NOT(_xlpm._exists),"") )} -> 1 | X4: =IF($H4<>"",COUNTIFS(J$2:J$500,"~*",$D$2:$D$500,$H4),"") -> 6 | Y4: =IF($H4<>"",COUNTIFS(K$2:K$500,"~*",$D$2:$D$500,$H4),"") -> 3 | Z4: =IF($H4<>"",COUNTIFS(L$2:L$500,"~*",$D$2:$D$500,$H4),"") -> 2 | AA4: =IF($H4<>"",COUNTIFS(M$2:M$500,"~*",$D$2:$D$500,$H4),"") -> 2 | AB4: =IF($H4<>"",COUNTIFS(N$2:N$500,"~*",$D$2:$D$500,$H4),"") -> 5 | AC4: =IF($H4<>"",COUNTIFS(O$2:O$500,"~*",$D$2:$D$500,$H4),"") -> 1
